,Experiment number,M,N,Epsilon,Integrator,E1,E2,Training Loss
0,0.0,2.0,50.0,0.1,0.0,0.0205936414032504,0.1837342985056632,0.0001419064664855
1,0.0,2.0,50.0,0.1,1.0,0.0205950230111751,0.1837824166947571,0.0001419164830027
2,0.0,2.0,50.0,0.1,2.0,0.0235226006549884,0.1925111837547063,0.0001429127215282
3,0.0,2.0,50.0,0.1,3.0,0.0228954155383913,0.1888160157374201,0.0001412288956961
4,0.0,2.0,50.0,0.01,0.0,9.869051873192488e-05,0.0149873880410156,1.5139724368594127e-06
5,0.0,2.0,50.0,0.01,1.0,9.868075510578654e-05,0.0149874812008808,1.5140087029517028e-06
6,0.0,2.0,50.0,0.01,2.0,0.0001787009689483,0.0242123640646606,2.1175386621429994e-06
7,0.0,2.0,50.0,0.01,3.0,0.0001408898427662,0.0206114875910447,1.6089542531597544e-06
8,0.0,2.0,50.0,0.001,0.0,1.5596985360787835e-05,0.0029114725216142,2.7092997933100626e-08
9,0.0,2.0,50.0,0.001,1.0,1.5612296994260543e-05,0.0029122677768884,2.7099632071998733e-08
10,0.0,2.0,50.0,0.001,2.0,6.217174559897409e-05,0.0105591390792738,7.352265442686703e-07
11,0.0,2.0,50.0,0.001,3.0,3.5148081427427006e-05,0.0095335888337662,2.097223808870915e-07
12,0.0,2.0,50.0,0.0,0.0,7.827782337305825e-05,0.0051120156018209,7.223724384479291e-08
13,0.0,2.0,50.0,0.0,1.0,7.828663457735448e-05,0.0051124039191588,7.223338085097583e-08
14,0.0,2.0,50.0,0.0,2.0,0.0002671390157424,0.0132516524452728,6.953606728437792e-07
15,0.0,2.0,50.0,0.0,3.0,0.0001485537478893,0.0073564258526822,2.62402178705648e-07
16,0.0,2.0,500.0,0.1,0.0,0.001082102320809,0.0338730643053458,0.0001635158913069
17,0.0,2.0,500.0,0.1,1.0,0.0012719699060497,0.0334169222550909,0.0001671190514029
18,0.0,2.0,500.0,0.1,2.0,0.0011620064460986,0.0390652294927098,0.0001682468291613
19,0.0,2.0,500.0,0.1,3.0,0.0011011168569563,0.0388423805694102,0.0001574706512628
20,0.0,2.0,500.0,0.01,0.0,0.0108163856708591,0.0620575482841735,1.3376994028976127e-05
21,0.0,2.0,500.0,0.01,1.0,0.0126335273914055,0.0668328027342277,1.2786632989665586e-05
22,0.0,2.0,500.0,0.01,2.0,0.0113127048420382,0.0646851220964985,1.699188591154869e-05
23,0.0,2.0,500.0,0.01,3.0,0.0131789447096946,0.0682618118657714,1.544403834804683e-05
24,0.0,2.0,500.0,0.001,0.0,3.7368383284341953e-07,0.0005787518351965,1.6973658566362562e-08
25,0.0,2.0,500.0,0.001,1.0,3.547006665006062e-07,0.0007335956319246,1.7236140913810313e-08
26,0.0,2.0,500.0,0.001,2.0,2.257984167558328e-05,0.0089462064907955,7.285340351515683e-07
27,0.0,2.0,500.0,0.001,3.0,1.814011820017257e-05,0.0093927189871926,2.1935110388109137e-07
28,0.0,2.0,500.0,0.0,0.0,0.0005299613739725,0.0129661190401983,5.037596137336664e-07
29,0.0,2.0,500.0,0.0,1.0,0.0005584909727048,0.0133468706036144,4.297265486817563e-07
30,0.0,2.0,500.0,0.0,2.0,0.0006512056592754,0.016297449811967,1.2999276041363003e-06
31,0.0,2.0,500.0,0.0,3.0,0.0006177993807446,0.015292183834316,6.321622320610149e-07
32,0.0,2.0,1000.0,0.1,0.0,0.0004307338513793,0.0245672790150192,0.0001636590710505
33,0.0,2.0,1000.0,0.1,1.0,0.0004949983756415,0.0253072568329885,0.0001794134556175
34,0.0,2.0,1000.0,0.1,2.0,0.0006525812652407,0.0314865135883647,0.0001681654891909
35,0.0,2.0,1000.0,0.1,3.0,0.0006336368383296,0.0292966488744955,0.0001682878679241
36,0.0,2.0,1000.0,0.01,0.0,7.927602321002025e-06,0.0037171493417941,1.7336449306635168e-06
37,0.0,2.0,1000.0,0.01,1.0,1.6019380119733633e-05,0.0058486547752326,1.6892231841394698e-06
38,0.0,2.0,1000.0,0.01,2.0,2.9349033390152225e-05,0.0109646509744825,2.5341963879251395e-06
39,0.0,2.0,1000.0,0.01,3.0,1.3730933454889494e-05,0.0074476647808847,1.8495244086948127e-06
40,0.0,2.0,1000.0,0.001,0.0,2.722106170354833e-07,0.0008706564617008,1.5569883976102672e-08
41,0.0,2.0,1000.0,0.001,1.0,2.6236116663266465e-07,0.0007420961471793,1.5815857366699682e-08
42,0.0,2.0,1000.0,0.001,2.0,2.1621535620335667e-05,0.0095555926999773,7.669762607079745e-07
43,0.0,2.0,1000.0,0.001,3.0,1.4822513072325236e-05,0.0085011062955388,2.2672933880153346e-07
44,0.0,2.0,1000.0,0.0,0.0,2.4228499784068228e-08,0.0001151877067944,5.390659093826647e-11
45,0.0,2.0,1000.0,0.0,1.0,8.227763465824902e-08,0.0001986329904434,1.0481970305264118e-10
46,0.0,2.0,1000.0,0.0,2.0,2.8458405176991504e-05,0.0127656504282355,7.818268306693193e-07
47,0.0,2.0,1000.0,0.0,3.0,1.4333128204441856e-05,0.0081483862458514,2.0224640562478882e-07
48,0.0,2.0,1500.0,0.1,0.0,0.0002760247354168,0.0166742498833295,0.0001599474520527
49,0.0,2.0,1500.0,0.1,1.0,0.0002669970843839,0.0164680521074711,0.0001571228489315
50,0.0,2.0,1500.0,0.1,2.0,0.0002956312266193,0.0224019486719808,0.0001824000342132
51,0.0,2.0,1500.0,0.1,3.0,0.0002494474514845,0.0155465573907782,0.0001755341526337
52,0.0,2.0,1500.0,0.01,0.0,0.0033300883488608,0.0367147462543879,5.737771189478668e-06
53,0.0,2.0,1500.0,0.01,1.0,0.0011448768664101,0.0213309421267415,2.631764896170694e-06
54,0.0,2.0,1500.0,0.01,2.0,0.001902971439578,0.0281770545829616,5.040384504759223e-06
55,0.0,2.0,1500.0,0.01,3.0,0.0010864759229253,0.0217234690815691,3.030027701725145e-06
56,0.0,2.0,1500.0,0.001,0.0,4.636200074320069e-07,0.001439467344329,1.6866318637339243e-08
57,0.0,2.0,1500.0,0.001,1.0,1.2197462608872453e-07,0.0006868113667048,1.710377563272916e-08
58,0.0,2.0,1500.0,0.001,2.0,2.4891790313026488e-05,0.0117591131675265,7.771630244137702e-07
59,0.0,2.0,1500.0,0.001,3.0,1.7290656376127382e-05,0.0089961644629048,2.420542609705028e-07
60,0.0,2.0,1500.0,0.0,0.0,2.9562235717112184e-08,0.0001785902151843,4.822813718352792e-11
61,0.0,2.0,1500.0,0.0,1.0,3.569713121361761e-08,0.0001376805659445,7.411817458623553e-11
62,0.0,2.0,1500.0,0.0,2.0,1.3971117278043868e-05,0.0085078798276783,1.1007225827427436e-06
63,0.0,2.0,1500.0,0.0,3.0,1.3122360543229528e-05,0.0085847466152221,1.9978655163972889e-07
64,1.0,2.0,50.0,0.1,0.0,0.0210251173257022,0.131759446457774,0.0001274624235382
65,1.0,2.0,50.0,0.1,1.0,0.0210415932883597,0.1318885443641968,0.0001274574421368
66,1.0,2.0,50.0,0.1,2.0,0.0257085263823455,0.1615209797089847,0.0001249746060978
67,1.0,2.0,50.0,0.1,3.0,0.0246536591841314,0.1763833496722446,0.0001220271979951
68,1.0,2.0,50.0,0.01,0.0,9.365586741294002e-05,0.0136327390369133,1.5148524414212706e-06
69,1.0,2.0,50.0,0.01,1.0,9.367106502617369e-05,0.0136327728975588,1.5148290301262972e-06
70,1.0,2.0,50.0,0.01,2.0,8.084882118412689e-05,0.0104054433949299,2.4153398035044133e-06
71,1.0,2.0,50.0,0.01,3.0,7.560806397853825e-05,0.0100822594703748,1.8077085841441727e-06
72,1.0,2.0,50.0,0.001,0.0,0.0321895112247193,0.1060604389884109,2.8915047982853256e-05
73,1.0,2.0,50.0,0.001,1.0,0.0325586162633956,0.1068495207043465,2.928678257508212e-05
74,1.0,2.0,50.0,0.001,2.0,0.0342868748151421,0.1076308452477783,2.9174116653980985e-05
75,1.0,2.0,50.0,0.001,3.0,0.0339230455131354,0.1065454177076082,2.8683116539326e-05
76,1.0,2.0,50.0,0.0,0.0,7.06848703668925e-06,0.0029496542882438,9.496693137424305e-09
77,1.0,2.0,50.0,0.0,1.0,7.0684254738440365e-06,0.0029494792878779,9.496379496689687e-09
78,1.0,2.0,50.0,0.0,2.0,2.9861237537809024e-05,0.0076760315027175,6.736210638443528e-07
79,1.0,2.0,50.0,0.0,3.0,2.050863588182896e-05,0.0092430757622013,2.0570964867386341e-07
80,1.0,2.0,500.0,0.1,0.0,0.0016895880659101,0.0391749468816241,0.0001690266412616
81,1.0,2.0,500.0,0.1,1.0,0.0023460221679473,0.0474484450186535,0.0001590740386524
82,1.0,2.0,500.0,0.1,2.0,0.0019698620101074,0.0481263363203408,0.0001634959465107
83,1.0,2.0,500.0,0.1,3.0,0.0019237064005426,0.0422736596867941,0.000161188267541
84,1.0,2.0,500.0,0.01,0.0,7.185286553608421e-06,0.0042536829307703,1.5905745325024544e-06
85,1.0,2.0,500.0,0.01,1.0,6.399520851681486e-06,0.0043638858524244,1.652462399108105e-06
86,1.0,2.0,500.0,0.01,2.0,2.566457579589648e-05,0.0100021417498882,2.67859195013675e-06
87,1.0,2.0,500.0,0.01,3.0,2.821212995987714e-05,0.0118822235529037,1.9279570794306115e-06
88,1.0,2.0,500.0,0.001,0.0,4.0424378771185173e-07,0.0008055176478226,1.772104100230661e-08
89,1.0,2.0,500.0,0.001,1.0,2.610981058425313e-07,0.0004159160664303,1.6287079486565597e-08
90,1.0,2.0,500.0,0.001,2.0,2.408651396997275e-05,0.0113842928082267,8.576352043947391e-07
91,1.0,2.0,500.0,0.001,3.0,1.2667461836701814e-05,0.0079246996811398,2.099438744050911e-07
92,1.0,2.0,500.0,0.0,0.0,0.0013753793147221,0.0220926555275849,1.408978812289735e-06
93,1.0,2.0,500.0,0.0,1.0,0.0012974347025981,0.0213908032056082,1.3268562554904649e-06
94,1.0,2.0,500.0,0.0,2.0,0.0019250901588883,0.0274111265411717,2.776288856887777e-06
95,1.0,2.0,500.0,0.0,3.0,0.001462206895043,0.02337325363412,1.5431774222375336e-06
96,1.0,2.0,1000.0,0.1,0.0,0.0003804805674289,0.0205150545609318,0.0001634837058869
97,1.0,2.0,1000.0,0.1,1.0,0.0003594743181224,0.0208863800666612,0.0001702954731764
98,1.0,2.0,1000.0,0.1,2.0,0.0003009715802315,0.0227856570799691,0.0001641293380764
99,1.0,2.0,1000.0,0.1,3.0,0.0002993044750372,0.024324494742417,0.0001624681380084
100,1.0,2.0,1000.0,0.01,0.0,7.476800664032296e-06,0.0044576203172656,1.591408265310826e-06
101,1.0,2.0,1000.0,0.01,1.0,5.23427134202835e-06,0.0035846328621731,1.7217601732251092e-06
102,1.0,2.0,1000.0,0.01,2.0,3.6210244465611424e-05,0.0136505955513319,2.660370899537738e-06
103,1.0,2.0,1000.0,0.01,3.0,2.469547245718863e-05,0.0094478247599822,2.02735263855056e-06
104,1.0,2.0,1000.0,0.001,0.0,1.345699651416094e-07,0.0005262976351547,1.6938764739088737e-08
105,1.0,2.0,1000.0,0.001,1.0,2.1584540045702825e-07,0.000789103265642,1.7950179208885332e-08
106,1.0,2.0,1000.0,0.001,2.0,2.0762215112557648e-05,0.0105884101908388,7.570894957482042e-07
107,1.0,2.0,1000.0,0.001,3.0,1.3055180722716676e-05,0.0079536347143644,2.222461895708525e-07
108,1.0,2.0,1000.0,0.0,0.0,8.751514264564501e-08,0.000180552707713,1.1450523070492044e-10
109,1.0,2.0,1000.0,0.0,1.0,1.2897596614189637e-07,0.0002234052568694,1.770665184979308e-10
110,1.0,2.0,1000.0,0.0,2.0,2.0680355371218514e-05,0.0101561271620681,7.860262527152219e-07
111,1.0,2.0,1000.0,0.0,3.0,1.9053541363422605e-05,0.0093938016464577,2.160013909085525e-07
112,1.0,2.0,1500.0,0.1,0.0,0.0006219213658552,0.0293568530269013,0.0001558885511517
113,1.0,2.0,1500.0,0.1,1.0,0.0004345619077796,0.0218296493268318,0.0001784520298658
114,1.0,2.0,1500.0,0.1,2.0,0.0006352775817873,0.0297827237909027,0.0001760017118316
115,1.0,2.0,1500.0,0.1,3.0,0.000520734613581,0.0255969474866872,0.000163974668131
116,1.0,2.0,1500.0,0.01,0.0,1.5470413842340397e-05,0.0083255280396809,1.669357888478509e-06
117,1.0,2.0,1500.0,0.01,1.0,1.3525671325330058e-05,0.0085624604494478,1.580866116372322e-06
118,1.0,2.0,1500.0,0.01,2.0,3.291265957969524e-05,0.0113976949609903,2.6138459545083285e-06
119,1.0,2.0,1500.0,0.01,3.0,1.4407391607091414e-05,0.0073733385462947,1.985589127937705e-06
120,1.0,2.0,1500.0,0.001,0.0,9.14069548345076e-07,0.0021964634098073,1.7131400845214548e-08
121,1.0,2.0,1500.0,0.001,1.0,1.967845503624324e-07,0.000623135221743,1.6496825247693066e-08
122,1.0,2.0,1500.0,0.001,2.0,1.0676970390657371e-05,0.0073553260033607,1.1829408999660597e-06
123,1.0,2.0,1500.0,0.001,3.0,2.028754635440653e-05,0.0103348846488142,2.498066106789975e-07
124,1.0,2.0,1500.0,0.0,0.0,3.626577063082767e-08,0.0001363905180055,4.645755108584681e-11
125,1.0,2.0,1500.0,0.0,1.0,3.310212528201083e-08,0.0001649167129125,4.873071941077164e-11
126,1.0,2.0,1500.0,0.0,2.0,2.773816824499648e-05,0.0109622995063624,8.667539753758212e-07
127,1.0,2.0,1500.0,0.0,3.0,1.4188022583569558e-05,0.0079360966381988,2.11923944950762e-07
128,2.0,2.0,50.0,0.1,0.0,0.0149537323007717,0.2100545743959298,0.0001421937927199
129,2.0,2.0,50.0,0.1,1.0,0.0149580249631722,0.2100688838106817,0.0001421844697293
130,2.0,2.0,50.0,0.1,2.0,0.0150591546122348,0.2638952266066051,0.0001408285998081
131,2.0,2.0,50.0,0.1,3.0,0.0177517554438436,0.2858790566414871,0.0001383944864985
132,2.0,2.0,50.0,0.01,0.0,8.711582642914214e-05,0.0139416051757222,1.5285660476926667e-06
133,2.0,2.0,50.0,0.01,1.0,8.71168164282953e-05,0.0139412227331823,1.528597812904818e-06
134,2.0,2.0,50.0,0.01,2.0,0.0001551371260175,0.0224222117014439,2.528697439696012e-06
135,2.0,2.0,50.0,0.01,3.0,0.0001162055418295,0.0166109607967781,1.6815290037540611e-06
136,2.0,2.0,50.0,0.001,0.0,3.70317922093083e-06,0.0016406236666149,1.991812384660528e-08
137,2.0,2.0,50.0,0.001,1.0,3.702642061994692e-06,0.0016415856117768,1.9918797770905093e-08
138,2.0,2.0,50.0,0.001,2.0,1.5549840519984816e-05,0.0040086027675324,8.621039318918562e-07
139,2.0,2.0,50.0,0.001,3.0,1.1497359094874325e-05,0.0051757522710482,2.2031693312066365e-07
140,2.0,2.0,50.0,0.0,0.0,0.0993444733910712,0.1757119684701955,9.048171261879452e-05
141,2.0,2.0,50.0,0.0,1.0,0.1049125233106825,0.1832121950031451,9.376747115768958e-05
142,2.0,2.0,50.0,0.0,2.0,0.0952307014716891,0.1792776762201812,9.659484818815414e-05
143,2.0,2.0,50.0,0.0,3.0,0.092886272410766,0.1758238032177872,9.238821370173908e-05
144,2.0,2.0,500.0,0.1,0.0,0.0019309350677486,0.0677726919710677,0.0001651768171906
145,2.0,2.0,500.0,0.1,1.0,0.0017691003245103,0.0631707890256274,0.0001588295843177
146,2.0,2.0,500.0,0.1,2.0,0.0021543558386182,0.0596524552007064,0.0001616930537986
147,2.0,2.0,500.0,0.1,3.0,0.0021308993333473,0.0752343299529457,0.0001653476535768
148,2.0,2.0,500.0,0.01,0.0,1.485502124244484e-05,0.0057907785695533,1.615867740980382e-06
149,2.0,2.0,500.0,0.01,1.0,2.107836501064349e-05,0.0098407143816749,1.6656558363847091e-06
150,2.0,2.0,500.0,0.01,2.0,2.0846244851267283e-05,0.0076096494246202,2.764561324154969e-06
151,2.0,2.0,500.0,0.01,3.0,2.5822566879369327e-05,0.0083013465135796,1.98856540407537e-06
152,2.0,2.0,500.0,0.001,0.0,3.3498512180407535e-07,0.0004928007911574,1.7106570691633564e-08
153,2.0,2.0,500.0,0.001,1.0,3.321885404142127e-07,0.0005355052890486,1.6149568342051578e-08
154,2.0,2.0,500.0,0.001,2.0,1.376762219259813e-05,0.0080697483009057,7.684151832518695e-07
155,2.0,2.0,500.0,0.001,3.0,1.2837179874132664e-05,0.0079854195544861,2.276262727116194e-07
156,2.0,2.0,500.0,0.0,0.0,1.553024265056386e-07,0.0004017923236451,2.511860447385264e-10
157,2.0,2.0,500.0,0.0,1.0,8.55396035251723e-08,0.0002326327776226,1.8473560480414086e-10
158,2.0,2.0,500.0,0.0,2.0,1.26471321048054e-05,0.0067846627130524,8.85403333669207e-07
159,2.0,2.0,500.0,0.0,3.0,1.7571646831115408e-05,0.0092720841183718,2.1126283778231854e-07
160,2.0,2.0,1000.0,0.1,0.0,0.0010208478309549,0.0284105779905654,0.0001675118295462
161,2.0,2.0,1000.0,0.1,1.0,0.0015230275610633,0.0363634966687408,0.0001633533833667
162,2.0,2.0,1000.0,0.1,2.0,0.0016692159061559,0.0415028857339654,0.000170853673779
163,2.0,2.0,1000.0,0.1,3.0,0.001464760796097,0.0445671125246652,0.0001723066604118
164,2.0,2.0,1000.0,0.01,0.0,7.048786295893109e-06,0.0047415800372703,1.7408975640600633e-06
165,2.0,2.0,1000.0,0.01,1.0,7.223356460195117e-06,0.0045598673419643,1.612456040428602e-06
166,2.0,2.0,1000.0,0.01,2.0,2.5540543316964985e-05,0.0108953435630594,2.412249481067088e-06
167,2.0,2.0,1000.0,0.01,3.0,3.131772178567226e-05,0.0111736474822522,1.874734098643928e-06
168,2.0,2.0,1000.0,0.001,0.0,1.8196874050359453e-07,0.000880544867315,1.6393904993220435e-08
169,2.0,2.0,1000.0,0.001,1.0,4.597045747316151e-07,0.0016238927448616,1.781815745018438e-08
170,2.0,2.0,1000.0,0.001,2.0,1.0750323534617812e-05,0.0067753075319185,9.15040043482612e-07
171,2.0,2.0,1000.0,0.001,3.0,1.151440124497778e-05,0.0076870155951818,2.448498867439096e-07
172,2.0,2.0,1000.0,0.0,0.0,1.9501246566277664e-07,0.0001518199818718,7.502963757501829e-11
173,2.0,2.0,1000.0,0.0,1.0,1.991917500284643e-07,0.0001670428637,5.979947850728147e-11
174,2.0,2.0,1000.0,0.0,2.0,9.496273480796532e-06,0.0065554325064549,7.25242973634588e-07
175,2.0,2.0,1000.0,0.0,3.0,1.3814462144298895e-05,0.0085581921736172,2.231655038287222e-07
176,2.0,2.0,1500.0,0.1,0.0,0.0005238404190326,0.0317077626570331,0.0001922329627562
177,2.0,2.0,1500.0,0.1,1.0,0.0005038466397863,0.0230949340051601,0.0001605494553337
178,2.0,2.0,1500.0,0.1,2.0,0.0006137190159608,0.0406686091661324,0.0001591404700905
179,2.0,2.0,1500.0,0.1,3.0,0.0004092291445474,0.0296047688883934,0.0001550056130851
180,2.0,2.0,1500.0,0.01,0.0,6.857853376283552e-06,0.0035335969400742,1.710712403959908e-06
181,2.0,2.0,1500.0,0.01,1.0,1.3572004612297796e-05,0.0071638579618734,1.6325104570810464e-06
182,2.0,2.0,1500.0,0.01,2.0,4.631364411432041e-05,0.0154826902069778,2.4804229210789414e-06
183,2.0,2.0,1500.0,0.01,3.0,1.3275728991511288e-05,0.0078425748439031,1.8507170566377304e-06
184,2.0,2.0,1500.0,0.001,0.0,3.048565455864891e-07,0.0011568749072435,1.5910064887039374e-08
185,2.0,2.0,1500.0,0.001,1.0,1.1812583435603349e-07,0.0005906698275694,1.6616994831221357e-08
186,2.0,2.0,1500.0,0.001,2.0,2.7294869863620045e-05,0.0121956551622698,9.988008016635772e-07
187,2.0,2.0,1500.0,0.001,3.0,2.062221482311281e-05,0.0107854110511346,2.2652939742554402e-07
188,2.0,2.0,1500.0,0.0,0.0,4.133399945744752e-08,0.0001585942406024,7.930871426737487e-11
189,2.0,2.0,1500.0,0.0,1.0,2.5499100910594843e-08,0.0001192611858629,4.9452936481868556e-11
190,2.0,2.0,1500.0,0.0,2.0,2.779990333667424e-05,0.012663677402366,9.416831536421392e-07
191,2.0,2.0,1500.0,0.0,3.0,1.7633117749452172e-05,0.0098483998612567,2.1621487037432979e-07
192,3.0,2.0,50.0,0.1,0.0,0.0151443488633191,0.1565180098916241,0.0001603629403238
193,3.0,2.0,50.0,0.1,1.0,0.0151423540058777,0.1564998846746101,0.0001603648123328
194,3.0,2.0,50.0,0.1,2.0,0.0127351990962622,0.1366836435964795,0.000160164544527
195,3.0,2.0,50.0,0.1,3.0,0.0121296180598623,0.133549546596834,0.0001616631724417
196,3.0,2.0,50.0,0.01,0.0,0.0861229967735241,0.1191655276510343,6.1005989216918885e-05
197,3.0,2.0,50.0,0.01,1.0,0.0877847000894865,0.1205565631714463,6.227695828214867e-05
198,3.0,2.0,50.0,0.01,2.0,0.0876317863442006,0.1251518168078543,6.513577211448077e-05
199,3.0,2.0,50.0,0.01,3.0,0.0864561375842658,0.1225619737427951,6.214897369522704e-05
200,3.0,2.0,50.0,0.001,0.0,1.0379718162232796e-05,0.0021911081242861,2.6495968124456524e-08
201,3.0,2.0,50.0,0.001,1.0,1.0393863011211133e-05,0.0021921245921844,2.6496929956995214e-08
202,3.0,2.0,50.0,0.001,2.0,2.752420460339015e-05,0.0080856141487932,9.464134901960748e-07
203,3.0,2.0,50.0,0.001,3.0,1.9600466372894817e-05,0.0082983325398168,2.47986725664049e-07
204,3.0,2.0,50.0,0.0,0.0,4.878437887974664e-06,0.0017279428384018,5.147951038895117e-09
205,3.0,2.0,50.0,0.0,1.0,4.878767492560733e-06,0.0017280468197561,5.148666310197051e-09
206,3.0,2.0,50.0,0.0,2.0,0.0001547257215724,0.012762909099824,7.184913409867366e-07
207,3.0,2.0,50.0,0.0,3.0,6.31783429668879e-05,0.0075990426843402,1.9045094652995e-07
208,3.0,2.0,500.0,0.1,0.0,0.0009813865310876,0.0291929586505797,0.0001633565088544
209,3.0,2.0,500.0,0.1,1.0,0.0010318256578753,0.0303234541620816,0.0001647454544536
210,3.0,2.0,500.0,0.1,2.0,0.0011718232556308,0.0353418558139585,0.0001729546921343
211,3.0,2.0,500.0,0.1,3.0,0.0011951415553189,0.0366256592055703,0.0001607388676659
212,3.0,2.0,500.0,0.01,0.0,1.2473738807393004e-05,0.0049049002216958,1.5976120531046492e-06
213,3.0,2.0,500.0,0.01,1.0,8.912284513752366e-06,0.004182070033865,1.6450049603068668e-06
214,3.0,2.0,500.0,0.01,2.0,2.803508919391056e-05,0.010473701564385,2.3753190298735013e-06
215,3.0,2.0,500.0,0.01,3.0,2.218616469632652e-05,0.0103805888972953,1.7944328776103546e-06
216,3.0,2.0,500.0,0.001,0.0,4.056278331559694e-07,0.0011164422694255,1.7030351367227598e-08
217,3.0,2.0,500.0,0.001,1.0,2.2220113665931682e-07,0.0004082073844772,1.5872333266041103e-08
218,3.0,2.0,500.0,0.001,2.0,1.3509500295896566e-05,0.0078726963842154,9.03845334527314e-07
219,3.0,2.0,500.0,0.001,3.0,1.6831271248044278e-05,0.0090443427071544,2.2716562643142665e-07
220,3.0,2.0,500.0,0.0,0.0,8.439674426080312e-08,0.0002409087521593,1.3408269211635388e-10
221,3.0,2.0,500.0,0.0,1.0,1.611980705622728e-07,0.0002962104867112,3.0207144510823865e-10
222,3.0,2.0,500.0,0.0,2.0,2.7103228458362665e-05,0.0115297782536736,8.904232976396322e-07
223,3.0,2.0,500.0,0.0,3.0,1.6673757429652294e-05,0.0089326104319375,2.160663262133837e-07
224,3.0,2.0,1000.0,0.1,0.0,0.0002249656211681,0.0202989820008389,0.0001526132127433
225,3.0,2.0,1000.0,0.1,1.0,0.0003345723668589,0.0275284775580474,0.0001559512762124
226,3.0,2.0,1000.0,0.1,2.0,0.0004354939553489,0.0287753556804258,0.0001664206322212
227,3.0,2.0,1000.0,0.1,3.0,0.0003394770689182,0.0244078344685589,0.0001686462244248
228,3.0,2.0,1000.0,0.01,0.0,6.056411210292334e-06,0.0029301404009244,1.7957258518233297e-06
229,3.0,2.0,1000.0,0.01,1.0,1.1287258309729992e-05,0.0045024487652226,1.6761893136352557e-06
230,3.0,2.0,1000.0,0.01,2.0,2.363622499500811e-05,0.0109046780908049,2.366835026602137e-06
231,3.0,2.0,1000.0,0.01,3.0,4.666671619680454e-05,0.0145414666383317,1.8915154399306669e-06
232,3.0,2.0,1000.0,0.001,0.0,1.254142891412405e-07,0.0005379657091227,1.7932065616960702e-08
233,3.0,2.0,1000.0,0.001,1.0,2.8132404151221165e-07,0.0010510454261476,1.6580750633781842e-08
234,3.0,2.0,1000.0,0.001,2.0,1.7935596508015197e-05,0.0093042544615115,1.0459379142855932e-06
235,3.0,2.0,1000.0,0.001,3.0,2.1404866586591423e-05,0.0102807545467466,2.346350325933189e-07
236,3.0,2.0,1000.0,0.0,0.0,5.76331589111596e-08,0.0001667504015536,8.852005317954578e-11
237,3.0,2.0,1000.0,0.0,1.0,7.88039301521265e-08,0.0001950417995824,1.4557676079486214e-10
238,3.0,2.0,1000.0,0.0,2.0,2.4346448138817505e-05,0.0113101656737864,1.0857633615818028e-06
239,3.0,2.0,1000.0,0.0,3.0,1.5361732118549766e-05,0.0086712374186716,2.1548446847851906e-07
240,3.0,2.0,1500.0,0.1,0.0,0.0008273555152844,0.0314250700445683,0.0001552596385479
241,3.0,2.0,1500.0,0.1,1.0,0.0007590141122623,0.0344393066406143,0.0001619930342293
242,3.0,2.0,1500.0,0.1,2.0,0.0009789321285188,0.0415688120871199,0.0001711819626435
243,3.0,2.0,1500.0,0.1,3.0,0.0007758168514255,0.0373176368222987,0.0001627071528066
244,3.0,2.0,1500.0,0.01,0.0,1.71595103013543e-05,0.0074924579320841,1.743136957089303e-06
245,3.0,2.0,1500.0,0.01,1.0,8.010619254859216e-06,0.0054823985066009,1.6073909471349537e-06
246,3.0,2.0,1500.0,0.01,2.0,3.2558567405515146e-05,0.0129207841022502,2.836153603725313e-06
247,3.0,2.0,1500.0,0.01,3.0,2.5178679723879774e-05,0.0108585336750784,1.928000222721643e-06
248,3.0,2.0,1500.0,0.001,0.0,1.9561967158470165e-07,0.0007092727353098,1.731510383779349e-08
249,3.0,2.0,1500.0,0.001,1.0,1.0264378696388025e-07,0.0005396159328863,1.6541647670450186e-08
250,3.0,2.0,1500.0,0.001,2.0,3.941040016280352e-05,0.0152251352413029,8.153170283563357e-07
251,3.0,2.0,1500.0,0.001,3.0,1.5665064734191552e-05,0.0084115361153403,2.245625192700749e-07
252,3.0,2.0,1500.0,0.0,0.0,3.1879966609444924e-08,0.0001437287663236,5.3688325583903744e-11
253,3.0,2.0,1500.0,0.0,1.0,3.5800545762396655e-08,0.0001253669905213,5.026369100077381e-11
254,3.0,2.0,1500.0,0.0,2.0,2.6477052005186792e-05,0.0111774819399613,1.1281670921186364e-06
255,3.0,2.0,1500.0,0.0,3.0,1.9247023958317315e-05,0.0099111447552251,2.028112713324257e-07
256,4.0,2.0,50.0,0.1,0.0,0.0188468733058984,0.1386008613266198,0.0001488216705355
257,4.0,2.0,50.0,0.1,1.0,0.0188447406889261,0.138582308240118,0.0001488225862733
258,4.0,2.0,50.0,0.1,2.0,0.010112216030286,0.1129830325409042,0.0001542334164959
259,4.0,2.0,50.0,0.1,3.0,0.0115609009161135,0.1235054788917258,0.0001520842360553
260,4.0,2.0,50.0,0.01,0.0,5.154814296745027e-05,0.010798734445935,1.6139110163730272e-06
261,4.0,2.0,50.0,0.01,1.0,5.155265600039469e-05,0.0107985073938697,1.6138795482311865e-06
262,4.0,2.0,50.0,0.01,2.0,9.293806111076894e-05,0.0172471784785908,2.510798290319916e-06
263,4.0,2.0,50.0,0.01,3.0,7.10704413288669e-05,0.0151271820925743,1.819407711861713e-06
264,4.0,2.0,50.0,0.001,0.0,0.0029122790521834,0.0336786796117338,3.2509523583540776e-06
265,4.0,2.0,50.0,0.001,1.0,0.0029335573194982,0.0337746669910312,3.2746466503831905e-06
266,4.0,2.0,50.0,0.001,2.0,0.0030211462604099,0.038500952348658,4.436849029619804e-06
267,4.0,2.0,50.0,0.001,3.0,0.0030072282297721,0.0349543479896432,3.472227299247276e-06
268,4.0,2.0,50.0,0.0,0.0,2.297098516709373e-05,0.0049397119092804,1.7486592132605376e-08
269,4.0,2.0,50.0,0.0,1.0,2.297061733875362e-05,0.0049394855288427,1.748619165877368e-08
270,4.0,2.0,50.0,0.0,2.0,7.635194991524591e-05,0.01953848617295,8.790562266153455e-07
271,4.0,2.0,50.0,0.0,3.0,4.584514176409707e-05,0.0133170489872384,2.1943340402983482e-07
272,4.0,2.0,500.0,0.1,0.0,0.0014930100815887,0.0393426037881193,0.0001676729460505
273,4.0,2.0,500.0,0.1,1.0,0.0018451069332972,0.0450987373562903,0.0001542548745786
274,4.0,2.0,500.0,0.1,2.0,0.0018579501656798,0.0421569427005107,0.0001638447924704
275,4.0,2.0,500.0,0.1,3.0,0.0012455953646223,0.0349451785538542,0.0001714606961817
276,4.0,2.0,500.0,0.01,0.0,1.2925461567229242e-05,0.0058971616325924,1.7862686639191691e-06
277,4.0,2.0,500.0,0.01,1.0,1.162231393615067e-05,0.0037825612561034,1.6941403239059943e-06
278,4.0,2.0,500.0,0.01,2.0,2.7538063914244675e-05,0.0075081227956466,2.6539813199414407e-06
279,4.0,2.0,500.0,0.01,3.0,2.1096961784174085e-05,0.0073922774540806,1.849855117713464e-06
280,4.0,2.0,500.0,0.001,0.0,8.31996519357815e-07,0.0016432267123875,1.7987597182026906e-08
281,4.0,2.0,500.0,0.001,1.0,4.489054296062071e-07,0.0009016881935624,1.7281292251206353e-08
282,4.0,2.0,500.0,0.001,2.0,2.3244605916804127e-05,0.0094471710613058,8.315679352205901e-07
283,4.0,2.0,500.0,0.001,3.0,1.8233305720925497e-05,0.0083881546544545,2.566676827581484e-07
284,4.0,2.0,500.0,0.0,0.0,1.2795824423131353e-07,0.0002995586802496,2.3978090768049617e-10
285,4.0,2.0,500.0,0.0,1.0,1.059496328157969e-07,0.0002482897117355,2.0554629323575503e-10
286,4.0,2.0,500.0,0.0,2.0,1.7413402664253463e-05,0.0095813071287401,9.87508319244614e-07
287,4.0,2.0,500.0,0.0,3.0,1.2897940352450587e-05,0.0087653157011927,2.160964836748559e-07
288,4.0,2.0,1000.0,0.1,0.0,0.000718149947785,0.0242305971193204,0.0001694349211153
289,4.0,2.0,1000.0,0.1,1.0,0.0007186601629715,0.0246311631824288,0.0001714140293257
290,4.0,2.0,1000.0,0.1,2.0,0.0008550589452948,0.0254691215729585,0.0001670671632655
291,4.0,2.0,1000.0,0.1,3.0,0.0007562875349091,0.0247904027513621,0.0001527187135335
292,4.0,2.0,1000.0,0.01,0.0,1.6112033386521003e-05,0.0083118698726588,1.6235530170754174e-06
293,4.0,2.0,1000.0,0.01,1.0,2.354007822742777e-05,0.0106968933733292,1.7343930248033266e-06
294,4.0,2.0,1000.0,0.01,2.0,1.793424599181501e-05,0.0101260281435821,2.549359994043118e-06
295,4.0,2.0,1000.0,0.01,3.0,5.735774829063833e-06,0.004675717845041,1.9089575338878047e-06
296,4.0,2.0,1000.0,0.001,0.0,1.4697191189494848e-07,0.0005362649209203,1.779390861299298e-08
297,4.0,2.0,1000.0,0.001,1.0,1.8478241608978744e-07,0.0007275140299489,1.8303421172799245e-08
298,4.0,2.0,1000.0,0.001,2.0,1.7460261242759862e-05,0.0089723434845582,8.297422155353909e-07
299,4.0,2.0,1000.0,0.001,3.0,1.52172227043385e-05,0.0092561569218647,2.243166341794571e-07
300,4.0,2.0,1000.0,0.0,0.0,4.830704208300334e-08,0.0001414504879508,8.589356175497401e-11
301,4.0,2.0,1000.0,0.0,1.0,5.29915359244936e-08,0.0001519446871917,7.566319543609729e-11
302,4.0,2.0,1000.0,0.0,2.0,1.3626821673497828e-05,0.0081653355671684,1.0680110694833822e-06
303,4.0,2.0,1000.0,0.0,3.0,1.6748486344130065e-05,0.0095820750676436,2.178570644761997e-07
304,4.0,2.0,1500.0,0.1,0.0,0.0004001330568754,0.0238059414064478,0.0001797781489256
305,4.0,2.0,1500.0,0.1,1.0,0.0003276682514067,0.0203537904962808,0.0001674588351471
306,4.0,2.0,1500.0,0.1,2.0,0.0006311946928787,0.0444744149167146,0.0001722737128186
307,4.0,2.0,1500.0,0.1,3.0,0.0004916317228192,0.0416848873489049,0.0001803740707273
308,4.0,2.0,1500.0,0.01,0.0,5.348487678738606e-06,0.0034447579705111,1.6951714456660565e-06
309,4.0,2.0,1500.0,0.01,1.0,1.789384750922324e-05,0.007902508225318,1.718909481787776e-06
310,4.0,2.0,1500.0,0.01,2.0,3.801759181822186e-05,0.0128273300135443,2.500688311877971e-06
311,4.0,2.0,1500.0,0.01,3.0,3.805485124187005e-05,0.0131151522321694,1.8101769322531769e-06
312,4.0,2.0,1500.0,0.001,0.0,1.2451788136885354e-07,0.0007164531089356,1.67824905536241e-08
313,4.0,2.0,1500.0,0.001,1.0,7.396070245477302e-08,0.0005367952760105,1.702573985830271e-08
314,4.0,2.0,1500.0,0.001,2.0,1.5442583569023006e-05,0.0090352296317527,1.0225943903740522e-06
315,4.0,2.0,1500.0,0.001,3.0,1.8143018556925625e-05,0.0094191550045869,2.362682565622364e-07
316,4.0,2.0,1500.0,0.0,0.0,4.198078735985456e-08,0.0001341127734968,6.63541827001576e-11
317,4.0,2.0,1500.0,0.0,1.0,3.0219839557342114e-08,0.0001267977726292,5.39267502778701e-11
318,4.0,2.0,1500.0,0.0,2.0,3.583421308518032e-05,0.0116509805292858,7.60127042772007e-07
319,4.0,2.0,1500.0,0.0,3.0,1.8839680938646483e-05,0.0094415263172237,2.1701742266169402e-07
320,0.0,3.0,50.0,0.1,0.0,0.0108697677567549,0.1257107613681907,0.0001695401480444
321,0.0,3.0,50.0,0.1,1.0,0.010869672599403,0.1257101861633039,0.0001695401677641
322,0.0,3.0,50.0,0.1,2.0,0.0107307544441473,0.1276506053103398,0.0001701204009567
323,0.0,3.0,50.0,0.1,3.0,0.0108182666710915,0.1257651290413206,0.0001699390863059
324,0.0,3.0,50.0,0.01,0.0,0.000266177787289,0.0139195334199295,1.627937331350165e-06
325,0.0,3.0,50.0,0.01,1.0,0.0002661793231499,0.0139194977851527,1.6279367356229873e-06
326,0.0,3.0,50.0,0.01,2.0,0.0002423548642232,0.0145194869352753,1.7172198391750003e-06
327,0.0,3.0,50.0,0.01,3.0,0.000235712517888,0.0138432963329627,1.6464114552154987e-06
328,0.0,3.0,50.0,0.001,0.0,9.25293005132332e-06,0.0040651857900219,2.2300085634048893e-08
329,0.0,3.0,50.0,0.001,1.0,9.252930247613148e-06,0.0040651435479119,2.2300119827719643e-08
330,0.0,3.0,50.0,0.001,2.0,1.167514827221768e-05,0.0047853078644063,1.542358189887206e-07
331,0.0,3.0,50.0,0.001,3.0,9.322089430367549e-06,0.0035100194364312,5.532538838904301e-08
332,0.0,3.0,50.0,0.0,0.0,8.93665089010828e-05,0.0050694354795253,4.603234522861898e-08
333,0.0,3.0,50.0,0.0,1.0,8.936858619426032e-05,0.0050694925087852,4.603287226134912e-08
334,0.0,3.0,50.0,0.0,2.0,0.00010341510127,0.0071137027538893,1.608562690650636e-07
335,0.0,3.0,50.0,0.0,3.0,9.141738287200044e-05,0.0076772130186398,7.721191035067763e-08
336,0.0,3.0,500.0,0.1,0.0,0.0007938298130877,0.0247831946555788,0.0001660781852546
337,0.0,3.0,500.0,0.1,1.0,0.0010948468361004,0.0309033085524911,0.00016657163418
338,0.0,3.0,500.0,0.1,2.0,0.0009430452997222,0.0297464409495385,0.0001666384198934
339,0.0,3.0,500.0,0.1,3.0,0.0009462528478703,0.0258853193200036,0.0001610714751983
340,0.0,3.0,500.0,0.01,0.0,1.273969041014068e-05,0.0049314258637763,1.6775411704090806e-06
341,0.0,3.0,500.0,0.01,1.0,7.808097018520148e-06,0.0030608962995068,1.690839392111938e-06
342,0.0,3.0,500.0,0.01,2.0,2.044522241384637e-05,0.0072763546911468,1.738434137729827e-06
343,0.0,3.0,500.0,0.01,3.0,1.5825426385134162e-05,0.0075197090875617,1.724857272054647e-06
344,0.0,3.0,500.0,0.001,0.0,8.471670739221399e-05,0.0047366999304241,5.9134927256745314e-08
345,0.0,3.0,500.0,0.001,1.0,8.80313927757148e-05,0.0048826135639256,5.071479697818144e-08
346,0.0,3.0,500.0,0.001,2.0,0.0001655104064547,0.0067280640124746,1.6753878821001938e-07
347,0.0,3.0,500.0,0.001,3.0,0.0001105092316225,0.0057649031416226,9.205682569743016e-08
348,0.0,3.0,500.0,0.0,0.0,1.0974198632872185e-07,0.0002656667305496,1.4591372980396058e-10
349,0.0,3.0,500.0,0.0,1.0,8.217856947973604e-08,0.0002405720932102,1.015597372339788e-10
350,0.0,3.0,500.0,0.0,2.0,6.293570364397429e-06,0.0052667431786476,1.2841505763377377e-07
351,0.0,3.0,500.0,0.0,3.0,3.529445562198488e-06,0.0043244344730031,3.4218237332431615e-08
352,0.0,3.0,1000.0,0.1,0.0,0.0006612063481312,0.0259984883250876,0.0001675004379371
353,0.0,3.0,1000.0,0.1,1.0,0.0008194904048568,0.0374243861188638,0.0001637926335424
354,0.0,3.0,1000.0,0.1,2.0,0.0006492776466023,0.0246381971714802,0.0001653495862162
355,0.0,3.0,1000.0,0.1,3.0,0.0009685677329535,0.0460288059016769,0.0001625711503489
356,0.0,3.0,1000.0,0.01,0.0,1.0767704097348803e-05,0.0048411048468117,1.6190214497813776e-06
357,0.0,3.0,1000.0,0.01,1.0,6.414970428043241e-06,0.0047830041193877,1.5683757437729642e-06
358,0.0,3.0,1000.0,0.01,2.0,1.173765440772938e-05,0.0060435284128645,1.8623095110522893e-06
359,0.0,3.0,1000.0,0.01,3.0,2.197707524076013e-05,0.0073851364323516,1.693118718589116e-06
360,0.0,3.0,1000.0,0.001,0.0,1.7694627236550645e-07,0.0007406569317102,1.7129443406798994e-08
361,0.0,3.0,1000.0,0.001,1.0,5.061260985856572e-07,0.0014299937548674,1.6372779852067714e-08
362,0.0,3.0,1000.0,0.001,2.0,4.780869687535177e-06,0.0045861021210738,1.438199549548957e-07
363,0.0,3.0,1000.0,0.001,3.0,6.153599869059824e-06,0.0049773622872662,4.74602488614864e-08
364,0.0,3.0,1000.0,0.0,0.0,4.766386320919088e-08,0.000199422107631,5.245960812248564e-11
365,0.0,3.0,1000.0,0.0,1.0,6.068892998339084e-08,0.0002054534789751,8.813811100536514e-11
366,0.0,3.0,1000.0,0.0,2.0,7.260837019422858e-06,0.0053044558479207,1.4105737646807105e-07
367,0.0,3.0,1000.0,0.0,3.0,4.707805881790155e-06,0.0046349133123022,3.346642689530423e-08
368,0.0,3.0,1500.0,0.1,0.0,0.0003908048453847,0.0298637867158981,0.0001680771311633
369,0.0,3.0,1500.0,0.1,1.0,0.0003034490401357,0.0286339356044258,0.0001683015221835
370,0.0,3.0,1500.0,0.1,2.0,0.0003348883334927,0.0318165133735715,0.000170806724974
371,0.0,3.0,1500.0,0.1,3.0,0.000279907361975,0.0320060830463434,0.0001664058793423
372,0.0,3.0,1500.0,0.01,0.0,4.033105907515932e-06,0.0028733499847852,1.7075951217684346e-06
373,0.0,3.0,1500.0,0.01,1.0,3.111917671104414e-06,0.0021449889715106,1.6232092873031066e-06
374,0.0,3.0,1500.0,0.01,2.0,9.865229666378373e-06,0.0065117423802824,1.794497711896835e-06
375,0.0,3.0,1500.0,0.01,3.0,1.9849314025474528e-05,0.0104794430729453,1.6850815943652996e-06
376,0.0,3.0,1500.0,0.001,0.0,2.515795145438634e-07,0.000967117503956,1.6341749398763406e-08
377,0.0,3.0,1500.0,0.001,1.0,3.522971119076575e-07,0.0012642927348994,1.6594452603205356e-08
378,0.0,3.0,1500.0,0.001,2.0,3.196162584158914e-06,0.0033968587290855,1.496928328704611e-07
379,0.0,3.0,1500.0,0.001,3.0,3.668931248795949e-06,0.0035476700185213,5.0037325784555474e-08
380,0.0,3.0,1500.0,0.0,0.0,1.844597422563839e-08,0.0001444615996175,1.4130809914737838e-11
381,0.0,3.0,1500.0,0.0,1.0,3.8993426752611935e-08,0.0001256661070346,1.374297269697933e-11
382,0.0,3.0,1500.0,0.0,2.0,7.2250027841991936e-06,0.0064034532488358,1.485346759490385e-07
383,0.0,3.0,1500.0,0.0,3.0,3.720626531931967e-06,0.0039998009223079,3.40283538554784e-08
384,1.0,3.0,50.0,0.1,0.0,0.008441457002975,0.1459537788370457,0.0001521747819062
385,1.0,3.0,50.0,0.1,1.0,0.0084414010336445,0.1459535724568584,0.0001521747812281
386,1.0,3.0,50.0,0.1,2.0,0.0080377004724502,0.1397376465509264,0.0001526648004913
387,1.0,3.0,50.0,0.1,3.0,0.0083526795662958,0.1413329294420032,0.0001521483797013
388,1.0,3.0,50.0,0.01,0.0,5.868970687210779e-05,0.0121350713268534,1.635432854695328e-06
389,1.0,3.0,50.0,0.01,1.0,5.869048055428743e-05,0.0121350313114476,1.6354327589427655e-06
390,1.0,3.0,50.0,0.01,2.0,7.400160553337964e-05,0.0125583370484116,1.6941491258169417e-06
391,1.0,3.0,50.0,0.01,3.0,5.542438119159666e-05,0.0099801171891938,1.643249780679885e-06
392,1.0,3.0,50.0,0.001,0.0,2.064005461397436e-05,0.0026639225401313,2.4162030431804983e-08
393,1.0,3.0,50.0,0.001,1.0,2.064228172458993e-05,0.0026640510538141,2.4162461690378835e-08
394,1.0,3.0,50.0,0.001,2.0,3.8505788715842574e-05,0.007630930819899,1.481272373730756e-07
395,1.0,3.0,50.0,0.001,3.0,2.35980613109541e-05,0.0049445185876861,5.70211005160296e-08
396,1.0,3.0,50.0,0.0,0.0,7.79428149596056e-06,0.0029652534561193,5.574790894526872e-09
397,1.0,3.0,50.0,0.0,1.0,7.79416638709719e-06,0.0029652427066503,5.574784101589212e-09
398,1.0,3.0,50.0,0.0,2.0,1.5204412748791334e-05,0.0041116482114559,1.2102632559784269e-07
399,1.0,3.0,50.0,0.0,3.0,5.428555106807446e-06,0.00263965819912,3.666650452464299e-08
400,1.0,3.0,500.0,0.1,0.0,0.0019268422752689,0.0401085379202003,0.0001626147942454
401,1.0,3.0,500.0,0.1,1.0,0.0023117137264165,0.0418613473979046,0.0001656974687868
402,1.0,3.0,500.0,0.1,2.0,0.0025404000195672,0.0429148882941584,0.0001665134559527
403,1.0,3.0,500.0,0.1,3.0,0.0017092962334738,0.0465033581372756,0.0001661587158914
404,1.0,3.0,500.0,0.01,0.0,6.292745558259877e-06,0.0030859461963328,1.5815852274674128e-06
405,1.0,3.0,500.0,0.01,1.0,6.7179281269099e-06,0.0030312008206777,1.593569072521288e-06
406,1.0,3.0,500.0,0.01,2.0,1.1207054594514217e-05,0.0041746449183734,1.803770360193043e-06
407,1.0,3.0,500.0,0.01,3.0,8.904792501845523e-06,0.0042084742811376,1.7414459138807766e-06
408,1.0,3.0,500.0,0.001,0.0,2.78891696117735e-07,0.0009679518757847,1.7294656974473938e-08
409,1.0,3.0,500.0,0.001,1.0,5.014876796711922e-07,0.0015343663412789,1.660522862906903e-08
410,1.0,3.0,500.0,0.001,2.0,7.188232542521516e-06,0.0055283561003233,1.4200570555032704e-07
411,1.0,3.0,500.0,0.001,3.0,4.4322760942160194e-06,0.0045007139234063,5.4874567310079344e-08
412,1.0,3.0,500.0,0.0,0.0,1.297075326486798e-07,0.0002592753339709,1.6463962914749046e-10
413,1.0,3.0,500.0,0.0,1.0,1.515963071057881e-07,0.0003885045708335,1.5078277298050406e-10
414,1.0,3.0,500.0,0.0,2.0,5.653069860458704e-06,0.0054118738714579,1.4482629695463082e-07
415,1.0,3.0,500.0,0.0,3.0,3.74460362149372e-06,0.0042706601930714,3.0438967673224776e-08
416,1.0,3.0,1000.0,0.1,0.0,0.0006191591300608,0.0270843447564789,0.0001653971263112
417,1.0,3.0,1000.0,0.1,1.0,0.0006738326773072,0.0215317820576441,0.0001658938766133
418,1.0,3.0,1000.0,0.1,2.0,0.0004229581007334,0.0195680419163662,0.0001721943098463
419,1.0,3.0,1000.0,0.1,3.0,0.0006108008132029,0.0270756884347028,0.0001732222483262
420,1.0,3.0,1000.0,0.01,0.0,1.0537423100285389e-05,0.0070759451210958,1.6595846043819674e-06
421,1.0,3.0,1000.0,0.01,1.0,1.5089335699963412e-05,0.008258191376411,1.7675898354634906e-06
422,1.0,3.0,1000.0,0.01,2.0,1.8676136436791016e-05,0.0107155377305831,1.886607348153791e-06
423,1.0,3.0,1000.0,0.01,3.0,7.23930429009539e-06,0.0055346547777065,1.7237997253305818e-06
424,1.0,3.0,1000.0,0.001,0.0,1.3410969655592446e-07,0.0004129819486904,1.657415218402196e-08
425,1.0,3.0,1000.0,0.001,1.0,2.3987773397847736e-07,0.0010213556396831,1.7231722109633508e-08
426,1.0,3.0,1000.0,0.001,2.0,8.998080585120915e-06,0.0067402539818932,1.667282467537471e-07
427,1.0,3.0,1000.0,0.001,3.0,4.937612944361844e-06,0.0048390161324136,5.188651937763223e-08
428,1.0,3.0,1000.0,0.0,0.0,3.957588380468928e-08,0.0001833219753474,4.263075775180357e-11
429,1.0,3.0,1000.0,0.0,1.0,2.9328708445751992e-08,0.0001607222005274,3.3135649004283507e-11
430,1.0,3.0,1000.0,0.0,2.0,8.564632688021273e-06,0.0061350963234686,1.3214236890807266e-07
431,1.0,3.0,1000.0,0.0,3.0,4.218821817915386e-06,0.0044477642750271,3.24937239030705e-08
432,1.0,3.0,1500.0,0.1,0.0,0.0003471602963285,0.0231552014462681,0.0001637753619301
433,1.0,3.0,1500.0,0.1,1.0,0.0002946094128727,0.021822385020302,0.0001632664988386
434,1.0,3.0,1500.0,0.1,2.0,0.0002990450531427,0.0211173480035381,0.0001642402210577
435,1.0,3.0,1500.0,0.1,3.0,0.0002937033975096,0.0180697088543029,0.0001783862268729
436,1.0,3.0,1500.0,0.01,0.0,0.0019271712591764,0.0265455195346597,2.925898196913918e-06
437,1.0,3.0,1500.0,0.01,1.0,0.0016125395604924,0.0250469359804511,2.5508379321015243e-06
438,1.0,3.0,1500.0,0.01,2.0,0.0253067573714216,0.1049169057008318,1.848650594306406e-05
439,1.0,3.0,1500.0,0.01,3.0,0.0021541165563301,0.0285095525068652,3.0726549693956786e-06
440,1.0,3.0,1500.0,0.001,0.0,8.357335392386557e-08,0.0003306525269585,1.6218171795718455e-08
441,1.0,3.0,1500.0,0.001,1.0,6.018241831746433e-08,0.0003845112920894,1.5928982753828592e-08
442,1.0,3.0,1500.0,0.001,2.0,7.324222134380899e-06,0.0044583954475171,1.4131157855059798e-07
443,1.0,3.0,1500.0,0.001,3.0,5.780039176453225e-06,0.0045977025990579,5.127194821132409e-08
444,1.0,3.0,1500.0,0.0,0.0,3.29328113948081e-08,0.0002511200251017,3.0938550760175863e-11
445,1.0,3.0,1500.0,0.0,1.0,2.9834497229146795e-08,0.0001519958047747,4.7167356574487206e-11
446,1.0,3.0,1500.0,0.0,2.0,7.158505241180668e-06,0.005833947433903,1.2807358043327397e-07
447,1.0,3.0,1500.0,0.0,3.0,4.748258451855782e-06,0.0044949767243745,3.3176587837738604e-08
448,2.0,3.0,50.0,0.1,0.0,0.004763487153621,0.0654163950879919,0.0001760274105674
449,2.0,3.0,50.0,0.1,1.0,0.0047633909948387,0.0654162928737908,0.0001760274483087
450,2.0,3.0,50.0,0.1,2.0,0.0054897738294671,0.0693833939708892,0.0001766342212618
451,2.0,3.0,50.0,0.1,3.0,0.0041995937607089,0.0645528292122698,0.0001772478433492
452,2.0,3.0,50.0,0.01,0.0,7.549548901776719e-05,0.0109385860004874,1.7005949133294765e-06
453,2.0,3.0,50.0,0.01,1.0,7.54960046108665e-05,0.0109385318297214,1.700594315805915e-06
454,2.0,3.0,50.0,0.01,2.0,5.8921189046565024e-05,0.0106398200422629,1.814215356558556e-06
455,2.0,3.0,50.0,0.01,3.0,5.536163191301848e-05,0.0106599393256233,1.7398997492051108e-06
456,2.0,3.0,50.0,0.001,0.0,9.262387919359257e-06,0.0037479857021372,2.3522034781280583e-08
457,2.0,3.0,50.0,0.001,1.0,9.263003118165503e-06,0.0037480504468771,2.3522129342480665e-08
458,2.0,3.0,50.0,0.001,2.0,2.039334595164532e-05,0.0049444565566029,1.89790179006986e-07
459,2.0,3.0,50.0,0.001,3.0,1.0463963074129422e-05,0.0038483410015935,6.09128146110806e-08
460,2.0,3.0,50.0,0.0,0.0,3.410840779128454e-06,0.001642104980464,3.210679460706245e-09
461,2.0,3.0,50.0,0.0,1.0,3.4108223706551635e-06,0.0016420901616677,3.210660530223698e-09
462,2.0,3.0,50.0,0.0,2.0,9.45754364769063e-06,0.0041142920290909,1.190682531042841e-07
463,2.0,3.0,50.0,0.0,3.0,4.655197794353753e-06,0.0032847781069021,3.71379180346019e-08
464,2.0,3.0,500.0,0.1,0.0,0.0013706218050677,0.0368815804537003,0.000155123727172
465,2.0,3.0,500.0,0.1,1.0,0.0015984272968427,0.0425425723894545,0.0001686161559118
466,2.0,3.0,500.0,0.1,2.0,0.0009677426654598,0.0326477674017051,0.0001671610863393
467,2.0,3.0,500.0,0.1,3.0,0.0013383182068274,0.0364860108752546,0.0001595469864847
468,2.0,3.0,500.0,0.01,0.0,1.4492063104261055e-05,0.0063400761865788,1.6506099552252457e-06
469,2.0,3.0,500.0,0.01,1.0,1.074990525647258e-05,0.0036582091337073,1.6522623960638174e-06
470,2.0,3.0,500.0,0.01,2.0,4.51489359585773e-05,0.0149262596117932,1.7737707401512314e-06
471,2.0,3.0,500.0,0.01,3.0,3.34345576068123e-05,0.0096589408217032,1.661747126404602e-06
472,2.0,3.0,500.0,0.001,0.0,3.758688662871247e-07,0.0006365017143687,1.6405075803668293e-08
473,2.0,3.0,500.0,0.001,1.0,7.001916936886496e-07,0.0010355175854466,1.6291464800235342e-08
474,2.0,3.0,500.0,0.001,2.0,5.476755837778503e-06,0.0046593972218006,1.7330896515389658e-07
475,2.0,3.0,500.0,0.001,3.0,3.660974621802675e-06,0.0037644204588391,4.850149985874278e-08
476,2.0,3.0,500.0,0.0,0.0,2.992998443732414e-07,0.0004100069954879,2.9771382346920496e-10
477,2.0,3.0,500.0,0.0,1.0,3.156562102693285e-07,0.000435600602005,3.0504498188199225e-10
478,2.0,3.0,500.0,0.0,2.0,5.630300534528443e-06,0.0042445441595738,1.3606635181264558e-07
479,2.0,3.0,500.0,0.0,3.0,4.594692537819881e-06,0.0042287880379537,3.1930226512678055e-08
480,2.0,3.0,1000.0,0.1,0.0,0.0004366192928979,0.0252464967349359,0.0001606367398151
481,2.0,3.0,1000.0,0.1,1.0,0.0004207120376056,0.0196667819169285,0.0001720211794753
482,2.0,3.0,1000.0,0.1,2.0,0.0005425228845572,0.0216787716641039,0.0001581440430375
483,2.0,3.0,1000.0,0.1,3.0,0.0004523848820824,0.0278762328466366,0.0001603085284099
484,2.0,3.0,1000.0,0.01,0.0,8.769024619600833e-06,0.0047947034227899,1.6265804262778308e-06
485,2.0,3.0,1000.0,0.01,1.0,2.630132739567899e-05,0.0109886370885701,1.6958580341917585e-06
486,2.0,3.0,1000.0,0.01,2.0,1.3000237584601384e-05,0.0042790956861228,1.8345900556908248e-06
487,2.0,3.0,1000.0,0.01,3.0,1.4243896238450834e-05,0.0054622394871887,1.7010371043328575e-06
488,2.0,3.0,1000.0,0.001,0.0,2.084773813566092e-07,0.0006120866599466,1.6908105762415744e-08
489,2.0,3.0,1000.0,0.001,1.0,2.0660804222677869e-07,0.0007508526827584,1.7243102101240813e-08
490,2.0,3.0,1000.0,0.001,2.0,6.833523159549977e-06,0.0055437177611703,1.52616584935973e-07
491,2.0,3.0,1000.0,0.001,3.0,5.72592108087911e-06,0.0050871002257923,4.942313310356449e-08
492,2.0,3.0,1000.0,0.0,0.0,3.2624463183509443e-08,0.0001943867689892,5.40394316900663e-11
493,2.0,3.0,1000.0,0.0,1.0,2.7161531905720308e-08,0.0001658370552315,3.750555749940187e-11
494,2.0,3.0,1000.0,0.0,2.0,4.799193240036991e-06,0.0043559843368592,1.456016305743932e-07
495,2.0,3.0,1000.0,0.0,3.0,4.944105553757491e-06,0.0040970128931932,3.3069281156686004e-08
496,2.0,3.0,1500.0,0.1,0.0,0.0005281841743391,0.0215155003807746,0.0001671577572187
497,2.0,3.0,1500.0,0.1,1.0,0.0005273389371919,0.0237071174165014,0.0001666280676093
498,2.0,3.0,1500.0,0.1,2.0,0.0006727124801567,0.0312407320278124,0.0001612093166669
499,2.0,3.0,1500.0,0.1,3.0,0.0006464483448228,0.0399733689482725,0.000160622838718
500,2.0,3.0,1500.0,0.01,0.0,9.831073281069895e-06,0.0066530396716486,1.6056197484364788e-06
501,2.0,3.0,1500.0,0.01,1.0,2.0508172920460337e-05,0.0088803632034242,1.7210362517220422e-06
502,2.0,3.0,1500.0,0.01,2.0,5.639920966772444e-06,0.0049200381327389,1.8620527346471245e-06
503,2.0,3.0,1500.0,0.01,3.0,1.3002405112530609e-05,0.0073718862081256,1.6279373117200443e-06
504,2.0,3.0,1500.0,0.001,0.0,2.1549460456155786e-07,0.0008411732575968,1.656054486549195e-08
505,2.0,3.0,1500.0,0.001,1.0,2.296622365993421e-07,0.0010136413274366,1.7516026598186772e-08
506,2.0,3.0,1500.0,0.001,2.0,3.91689447127318e-06,0.0034028054926077,1.508062768750188e-07
507,2.0,3.0,1500.0,0.001,3.0,3.841758841802758e-06,0.0037485092079521,4.997868872084809e-08
508,2.0,3.0,1500.0,0.0,0.0,3.7628408231535386e-08,0.0001651843852924,2.0770162681784785e-11
509,2.0,3.0,1500.0,0.0,1.0,4.82252999510464e-08,0.0002216995776719,4.4998817435227375e-11
510,2.0,3.0,1500.0,0.0,2.0,7.400310630085361e-06,0.0057515578121432,1.0649085696953909e-07
511,2.0,3.0,1500.0,0.0,3.0,3.07624019146692e-06,0.003712843503155,3.391239269273496e-08
512,3.0,3.0,50.0,0.1,0.0,0.0070614171497065,0.1148548405633091,0.0001539858669401
513,3.0,3.0,50.0,0.1,1.0,0.0070614326889716,0.1148547098801549,0.0001539858589736
514,3.0,3.0,50.0,0.1,2.0,0.0070664442314251,0.1141560285715842,0.0001534316235958
515,3.0,3.0,50.0,0.1,3.0,0.0075660806039855,0.1196176035809161,0.0001534843842676
516,3.0,3.0,50.0,0.01,0.0,0.0092481263335027,0.0429388813418536,7.030761834380681e-06
517,3.0,3.0,50.0,0.01,1.0,0.0092510329148535,0.0429438061654496,7.032306679773636e-06
518,3.0,3.0,50.0,0.01,2.0,0.009799281490064,0.0453020876221382,7.309696813057413e-06
519,3.0,3.0,50.0,0.01,3.0,0.0093813213975252,0.0451576745799569,6.989254770534702e-06
520,3.0,3.0,50.0,0.001,0.0,5.588672515156267e-06,0.0015999900484015,2.1131794897786136e-08
521,3.0,3.0,50.0,0.001,1.0,5.588793685272266e-06,0.0015999771513017,2.1131810446105472e-08
522,3.0,3.0,50.0,0.001,2.0,9.146892085143047e-06,0.0047686589347481,1.7183271312107597e-07
523,3.0,3.0,50.0,0.001,3.0,8.396602119941768e-06,0.0050718070786786,5.5705928370733264e-08
524,3.0,3.0,50.0,0.0,0.0,0.0019932894938587,0.0278004672985525,1.323346572893122e-06
525,3.0,3.0,50.0,0.0,1.0,0.0019940772215029,0.0278069179508414,1.32393661761795e-06
526,3.0,3.0,50.0,0.0,2.0,0.002080868420595,0.0282107692015839,1.621892186146438e-06
527,3.0,3.0,50.0,0.0,3.0,0.0019926984609544,0.0277114706436728,1.3733575049561633e-06
528,3.0,3.0,500.0,0.1,0.0,0.0011837357462147,0.035880708668017,0.0001649356987946
529,3.0,3.0,500.0,0.1,1.0,0.0012892431080169,0.0335933901999802,0.0001603437050991
530,3.0,3.0,500.0,0.1,2.0,0.0013569170833949,0.0440105153637547,0.0001652569538164
531,3.0,3.0,500.0,0.1,3.0,0.0013475925499417,0.0419260813352267,0.0001651612489809
532,3.0,3.0,500.0,0.01,0.0,1.1317708860021109e-05,0.0058792453748421,1.639928783476137e-06
533,3.0,3.0,500.0,0.01,1.0,7.571498604021607e-06,0.0041753933064095,1.7657698742972985e-06
534,3.0,3.0,500.0,0.01,2.0,8.54177695580626e-06,0.004134125565536,1.8318194856769568e-06
535,3.0,3.0,500.0,0.01,3.0,1.598643418129737e-05,0.0080568895354686,1.7888335875070916e-06
536,3.0,3.0,500.0,0.001,0.0,2.1288954586160981e-07,0.0004879207644904,1.6384633354316045e-08
537,3.0,3.0,500.0,0.001,1.0,5.111566591439234e-07,0.0012622412781861,1.6506506985315263e-08
538,3.0,3.0,500.0,0.001,2.0,5.121136893584173e-06,0.0049093908310864,1.532548246349882e-07
539,3.0,3.0,500.0,0.001,3.0,3.657255687603104e-06,0.0043118361811115,4.906454199776036e-08
540,3.0,3.0,500.0,0.0,0.0,2.5955787930459777e-07,0.0005062962406571,2.1355052530790342e-10
541,3.0,3.0,500.0,0.0,1.0,2.772582934035888e-07,0.0003626228689038,2.7633921983468887e-10
542,3.0,3.0,500.0,0.0,2.0,2.975517820702097e-06,0.0039263547068124,1.375607475756951e-07
543,3.0,3.0,500.0,0.0,3.0,4.777055415637276e-06,0.0049638405217021,3.483164273472317e-08
544,3.0,3.0,1000.0,0.1,0.0,0.0005506305919991,0.0365086121970173,0.0001590701589921
545,3.0,3.0,1000.0,0.1,1.0,0.0004269848481966,0.020674971005327,0.0001694757078449
546,3.0,3.0,1000.0,0.1,2.0,0.00053185397563,0.0269813624999066,0.0001597019858001
547,3.0,3.0,1000.0,0.1,3.0,0.0005512106067721,0.0275247929929905,0.0001674431999683
548,3.0,3.0,1000.0,0.01,0.0,8.331061199266595e-06,0.0055802316633335,1.6730881410319342e-06
549,3.0,3.0,1000.0,0.01,1.0,4.378215708287717e-06,0.0032273245019312,1.5947794940020053e-06
550,3.0,3.0,1000.0,0.01,2.0,1.596377073237551e-05,0.0067838432023103,1.8333730783668e-06
551,3.0,3.0,1000.0,0.01,3.0,1.314604128340185e-05,0.0056521218854365,1.7094711487493009e-06
552,3.0,3.0,1000.0,0.001,0.0,1.746788753976887e-07,0.00069989075838,1.6589933753016767e-08
553,3.0,3.0,1000.0,0.001,1.0,2.556479275003547e-07,0.0009743023691765,1.598986081349085e-08
554,3.0,3.0,1000.0,0.001,2.0,6.566133733020544e-06,0.005589396991549,1.4351438823834488e-07
555,3.0,3.0,1000.0,0.001,3.0,5.583667740298362e-06,0.0050485087548213,5.202493672727284e-08
556,3.0,3.0,1000.0,0.0,0.0,9.677780659865806e-08,0.0002147918845193,1.1051150690650367e-10
557,3.0,3.0,1000.0,0.0,1.0,4.7393326545704415e-08,0.0001115432160694,2.996105395807203e-11
558,3.0,3.0,1000.0,0.0,2.0,5.007849993129372e-06,0.0046113207068648,1.1521585944102821e-07
559,3.0,3.0,1000.0,0.0,3.0,4.136838931087582e-06,0.0044112373584399,3.2054967284214465e-08
560,3.0,3.0,1500.0,0.1,0.0,0.0003326042844722,0.022740530135359,0.0001660581989447
561,3.0,3.0,1500.0,0.1,1.0,0.0004434374373896,0.0178458418731497,0.0001622704403943
562,3.0,3.0,1500.0,0.1,2.0,0.0004248650338464,0.0166665913666499,0.0001635726190019
563,3.0,3.0,1500.0,0.1,3.0,0.0005784615407009,0.0273147717344522,0.0001685711872516
564,3.0,3.0,1500.0,0.01,0.0,1.2326044267861456e-05,0.0068071587872301,1.6808515785278482e-06
565,3.0,3.0,1500.0,0.01,1.0,3.867004676820674e-06,0.0025540940152715,1.6894735326158529e-06
566,3.0,3.0,1500.0,0.01,2.0,1.9085238353417727e-05,0.008983470897952,1.8017565380814843e-06
567,3.0,3.0,1500.0,0.01,3.0,3.019574595384685e-05,0.0127953242427152,1.727957462161793e-06
568,3.0,3.0,1500.0,0.001,0.0,7.069611975986629e-08,0.0004400850625495,1.6954151429456146e-08
569,3.0,3.0,1500.0,0.001,1.0,1.0579541427508905e-07,0.0004341875922628,1.6605301628492854e-08
570,3.0,3.0,1500.0,0.001,2.0,1.0041122562700483e-05,0.0068525690594003,1.4487345184127789e-07
571,3.0,3.0,1500.0,0.001,3.0,5.037239054004772e-06,0.0048634206170821,4.6094958905595975e-08
572,3.0,3.0,1500.0,0.0,0.0,5.6844529075033225e-08,8.601137601934075e-05,1.9491514249076568e-11
573,3.0,3.0,1500.0,0.0,1.0,4.614356007408842e-08,0.0001277031867173,2.8279185526797e-11
574,3.0,3.0,1500.0,0.0,2.0,6.486764858404537e-06,0.0058560109633106,1.393973394033227e-07
575,3.0,3.0,1500.0,0.0,3.0,3.854611823256702e-06,0.0043337917820086,3.194672808893936e-08
576,4.0,3.0,50.0,0.1,0.0,0.0061811313648482,0.1083979830265342,0.0001633308661344
577,4.0,3.0,50.0,0.1,1.0,0.0061811334671161,0.1083982362587504,0.0001633308962856
578,4.0,3.0,50.0,0.1,2.0,0.006000276861436,0.1078792986500906,0.0001627771018406
579,4.0,3.0,50.0,0.1,3.0,0.0056173950406256,0.1086060656649018,0.0001637012639252
580,4.0,3.0,50.0,0.01,0.0,3.039765003092505e-05,0.0069981134759377,1.6972674093272765e-06
581,4.0,3.0,50.0,0.01,1.0,3.0397309153343225e-05,0.0069980996001007,1.6972668481185449e-06
582,4.0,3.0,50.0,0.01,2.0,5.373608993711122e-05,0.0094236571567265,1.8258026989107345e-06
583,4.0,3.0,50.0,0.01,3.0,3.078804524905386e-05,0.0075329934007135,1.732170878072108e-06
584,4.0,3.0,50.0,0.001,0.0,0.2384089605648864,0.4294564334470197,0.0001861972324873
585,4.0,3.0,50.0,0.001,1.0,0.2418278255227586,0.4370701650646512,0.0001900971275408
586,4.0,3.0,50.0,0.001,2.0,0.289076397883827,0.3927051201596948,0.0002871702801912
587,4.0,3.0,50.0,0.001,3.0,0.2285617892772649,0.3388076869876124,0.0001922374796871
588,4.0,3.0,50.0,0.0,0.0,2.743775932841706e-06,0.0015425619599344,2.3078710628682727e-09
589,4.0,3.0,50.0,0.0,1.0,2.74360237564349e-06,0.0015425039437485,2.307824565566321e-09
590,4.0,3.0,50.0,0.0,2.0,1.620401672600296e-05,0.0066656813772518,1.4499844277084498e-07
591,4.0,3.0,50.0,0.0,3.0,5.910126127283356e-06,0.0039594096694601,3.491641565046654e-08
592,4.0,3.0,500.0,0.1,0.0,0.0005709852053782,0.0268610892891319,0.0001637228962768
593,4.0,3.0,500.0,0.1,1.0,0.0005845208075844,0.0286546859247117,0.0001608986360156
594,4.0,3.0,500.0,0.1,2.0,0.0009774656547019,0.0331931021042988,0.0001654349656942
595,4.0,3.0,500.0,0.1,3.0,0.0004872299946063,0.0278592173585434,0.0001563829001545
596,4.0,3.0,500.0,0.01,0.0,8.11497019152703e-06,0.005329418409788,1.6880886099073034e-06
597,4.0,3.0,500.0,0.01,1.0,7.432535280545478e-06,0.0027433014880144,1.6565123206146418e-06
598,4.0,3.0,500.0,0.01,2.0,2.0763444382633e-05,0.0097291865301211,1.8199454656399984e-06
599,4.0,3.0,500.0,0.01,3.0,2.298917797863816e-05,0.0094531744849206,1.6737493960974187e-06
600,4.0,3.0,500.0,0.001,0.0,3.566963306935795e-07,0.0010686825299209,1.62700214519885e-08
601,4.0,3.0,500.0,0.001,1.0,2.308251264144374e-07,0.0005911608247402,1.6524268929224547e-08
602,4.0,3.0,500.0,0.001,2.0,5.263754100841365e-06,0.0045146142136938,1.5647337176503317e-07
603,4.0,3.0,500.0,0.001,3.0,4.00580215645953e-06,0.0048595982118852,5.4245867821615714e-08
604,4.0,3.0,500.0,0.0,0.0,2.6364335084649934e-07,0.000379908418879,3.1075076282265387e-10
605,4.0,3.0,500.0,0.0,1.0,2.267935723352232e-07,0.0004155692648203,2.4983833688823007e-10
606,4.0,3.0,500.0,0.0,2.0,8.308474923890895e-06,0.0061869380585521,1.4214652170533158e-07
607,4.0,3.0,500.0,0.0,3.0,4.0361453805650574e-06,0.0041639414401645,3.3932643197334284e-08
608,4.0,3.0,1000.0,0.1,0.0,0.0001850684975565,0.0227248332412527,0.0001654330560085
609,4.0,3.0,1000.0,0.1,1.0,0.0002208181000606,0.0129427823776954,0.0001698613151963
610,4.0,3.0,1000.0,0.1,2.0,0.000173805877424,0.0186477559173773,0.0001729877622504
611,4.0,3.0,1000.0,0.1,3.0,0.0002091975047676,0.015131656095973,0.0001700712943304
612,4.0,3.0,1000.0,0.01,0.0,2.960619974059821e-06,0.0029780195969761,1.6966731344363263e-06
613,4.0,3.0,1000.0,0.01,1.0,7.540724506473655e-06,0.0047586716901642,1.718659089517629e-06
614,4.0,3.0,1000.0,0.01,2.0,1.0847480053839595e-05,0.0075207620954715,1.7099710868501935e-06
615,4.0,3.0,1000.0,0.01,3.0,2.180734539784202e-06,0.0021633438562553,1.707557807100357e-06
616,4.0,3.0,1000.0,0.001,0.0,1.7163825395443337e-07,0.0004820299108826,1.6466471962909375e-08
617,4.0,3.0,1000.0,0.001,1.0,2.667123528911873e-07,0.0006649479332099,1.5663571426895026e-08
618,4.0,3.0,1000.0,0.001,2.0,4.467382588312925e-06,0.004324029715811,1.7395949785912445e-07
619,4.0,3.0,1000.0,0.001,3.0,5.415474010916419e-06,0.0050451054135781,5.18512879447761e-08
620,4.0,3.0,1000.0,0.0,0.0,4.01466634387915e-08,0.0001344302133279,5.3869374320287885e-11
621,4.0,3.0,1000.0,0.0,1.0,6.216976375929367e-08,0.0002032109696844,6.553952033479343e-11
622,4.0,3.0,1000.0,0.0,2.0,1.8397484275576568e-06,0.0027103352520495,1.717274804758716e-07
623,4.0,3.0,1000.0,0.0,3.0,4.527812698291679e-06,0.0050244749522915,3.29804985708556e-08
624,4.0,3.0,1500.0,0.1,0.0,0.0003614553639439,0.0186060675330941,0.0001709753746921
625,4.0,3.0,1500.0,0.1,1.0,0.0004256716933594,0.0272972487268168,0.0001726543364868
626,4.0,3.0,1500.0,0.1,2.0,0.0003265742600546,0.0161027678825384,0.0001709137519144
627,4.0,3.0,1500.0,0.1,3.0,0.0004393196888086,0.0327397827847056,0.0001668952429761
628,4.0,3.0,1500.0,0.01,0.0,3.69265750173957e-06,0.0036244066108089,1.6724153552899584e-06
629,4.0,3.0,1500.0,0.01,1.0,1.5804742469799942e-05,0.0079216735507353,1.6318697201902625e-06
630,4.0,3.0,1500.0,0.01,2.0,2.147401696079402e-05,0.0090628496250247,1.84378937430379e-06
631,4.0,3.0,1500.0,0.01,3.0,3.733251083882511e-05,0.0138387371980817,1.7786121640475252e-06
632,4.0,3.0,1500.0,0.001,0.0,2.7432213942272e-07,0.0009625156912713,1.6203457628144532e-08
633,4.0,3.0,1500.0,0.001,1.0,1.5731614164909356e-07,0.0007120268245172,1.693503791073536e-08
634,4.0,3.0,1500.0,0.001,2.0,3.0304646821437483e-06,0.003452387764457,1.61211890164394e-07
635,4.0,3.0,1500.0,0.001,3.0,6.794259790318348e-06,0.0061469278598116,5.2493903152618203e-08
636,4.0,3.0,1500.0,0.0,0.0,3.7188710071772334e-08,0.0001219573847749,4.6960471817342416e-11
637,4.0,3.0,1500.0,0.0,1.0,2.7283558998869284e-08,0.0001201196658859,2.4329483865518244e-11
638,4.0,3.0,1500.0,0.0,2.0,9.442190037752067e-06,0.0065257915543513,1.931614572999588e-07
639,4.0,3.0,1500.0,0.0,3.0,4.204742407080621e-06,0.0045138213678033,3.4783801208809446e-08
640,0.0,5.0,50.0,0.1,0.0,0.0065901650889693,0.0776651257131949,0.0001590001614027
641,0.0,5.0,50.0,0.1,1.0,0.0065902092758535,0.0776652408692583,0.0001590001669252
642,0.0,5.0,50.0,0.1,2.0,0.0065412221205815,0.0774716200936601,0.0001591718484021
643,0.0,5.0,50.0,0.1,3.0,0.00647273392872,0.0785163695328349,0.0001590297215227
644,0.0,5.0,50.0,0.01,0.0,0.0001008596036493,0.0075824050519035,1.6769373147078837e-06
645,0.0,5.0,50.0,0.01,1.0,0.000100859777175,0.007582407897948,1.6769373278130176e-06
646,0.0,5.0,50.0,0.01,2.0,9.743019914069597e-05,0.0072936331324039,1.7154267123238366e-06
647,0.0,5.0,50.0,0.01,3.0,9.741424158433458e-05,0.007791546512227,1.6914955245915156e-06
648,0.0,5.0,50.0,0.001,0.0,0.0206273825822774,0.0843890839490971,8.77120679943646e-06
649,0.0,5.0,50.0,0.001,1.0,0.0206281185272239,0.0843908667745831,8.771531746176313e-06
650,0.0,5.0,50.0,0.001,2.0,0.0214877437679219,0.0870937109151187,9.055250787904052e-06
651,0.0,5.0,50.0,0.001,3.0,0.0207065717275333,0.0849256654920117,8.717150130265832e-06
652,0.0,5.0,50.0,0.0,0.0,4.9265970485048205e-06,0.0019494618196316,2.878172066914506e-09
653,0.0,5.0,50.0,0.0,1.0,4.926602552937536e-06,0.0019494610808532,2.878170226858164e-09
654,0.0,5.0,50.0,0.0,2.0,5.506630485429054e-06,0.0024852467748959,2.3917651302331143e-08
655,0.0,5.0,50.0,0.0,3.0,5.144017037056454e-06,0.0025223484510429,8.456721901322615e-09
656,0.0,5.0,500.0,0.1,0.0,0.0006245483535699,0.0304664043282292,0.0001674850402948
657,0.0,5.0,500.0,0.1,1.0,0.000704069792167,0.0317953736797836,0.0001591744543684
658,0.0,5.0,500.0,0.1,2.0,0.0006119486950542,0.0293508789041141,0.000164213847242
659,0.0,5.0,500.0,0.1,3.0,0.0006001815822312,0.0300378567582168,0.000164893750844
660,0.0,5.0,500.0,0.01,0.0,1.8713383066692687e-05,0.0091104189778593,1.6443924653864871e-06
661,0.0,5.0,500.0,0.01,1.0,5.96341521932248e-06,0.0026390266235714,1.6172860679265784e-06
662,0.0,5.0,500.0,0.01,2.0,9.8191138367016e-06,0.0056398964759054,1.648869643060574e-06
663,0.0,5.0,500.0,0.01,3.0,1.0171337882538391e-05,0.0061535578897563,1.625730546300035e-06
664,0.0,5.0,500.0,0.001,0.0,2.567686718196619e-07,0.000518003064583,1.6742275860105048e-08
665,0.0,5.0,500.0,0.001,1.0,4.973035544001061e-07,0.0012354079505511,1.6411604125866305e-08
666,0.0,5.0,500.0,0.001,2.0,1.2044165011500285e-06,0.0020459093042688,3.634336273106755e-08
667,0.0,5.0,500.0,0.001,3.0,1.1670689049106717e-06,0.0023739055864785,2.3704658703127724e-08
668,0.0,5.0,500.0,0.0,0.0,1.057225120945539e-07,0.000284735936494,7.845897616755378e-11
669,0.0,5.0,500.0,0.0,1.0,1.7462523190086216e-07,0.0004427523136684,1.5095599960153426e-10
670,0.0,5.0,500.0,0.0,2.0,8.060325017898613e-07,0.0020872550549602,2.5284022478243005e-08
671,0.0,5.0,500.0,0.0,3.0,9.04732602420441e-07,0.0021849985406673,6.935002052491623e-09
672,0.0,5.0,1000.0,0.1,0.0,0.0005067581290032,0.0410825090819238,0.0001641715206878
673,0.0,5.0,1000.0,0.1,1.0,0.0002482990753128,0.0227400489963484,0.0001652673622989
674,0.0,5.0,1000.0,0.1,2.0,0.000149144424684,0.0147210469150246,0.0001658820262113
675,0.0,5.0,1000.0,0.1,3.0,0.0001876757180242,0.0183332794809995,0.00016931119654
676,0.0,5.0,1000.0,0.01,0.0,1.8519789940675165e-05,0.0102076949894345,1.677985430513408e-06
677,0.0,5.0,1000.0,0.01,1.0,1.182362090188445e-05,0.0078280217535367,1.6251853497123795e-06
678,0.0,5.0,1000.0,0.01,2.0,9.800295045472211e-06,0.005841548950483,1.7089099110021742e-06
679,0.0,5.0,1000.0,0.01,3.0,1.9608093251633577e-05,0.0083410444763663,1.6163002372255875e-06
680,0.0,5.0,1000.0,0.001,0.0,3.737486168268591e-07,0.0010557553794933,1.6861515169716617e-08
681,0.0,5.0,1000.0,0.001,1.0,2.400085950144723e-07,0.00057274856585,1.597447426116185e-08
682,0.0,5.0,1000.0,0.001,2.0,1.992408275214908e-06,0.0032813886732493,5.311927065609047e-08
683,0.0,5.0,1000.0,0.001,3.0,1.583671411820199e-06,0.0022330585120525,2.445699596661416e-08
684,0.0,5.0,1000.0,0.0,0.0,5.464704285212223e-08,0.0001847493963199,4.848484806420941e-11
685,0.0,5.0,1000.0,0.0,1.0,4.6805513064983226e-08,0.0001779352150391,3.119457078155222e-11
686,0.0,5.0,1000.0,0.0,2.0,1.4780531192912175e-06,0.002789567387753,2.5062203560403223e-08
687,0.0,5.0,1000.0,0.0,3.0,1.2059896214202466e-06,0.0024650806722673,6.476068378459094e-09
688,0.0,5.0,1500.0,0.1,0.0,0.0001222959560733,0.0151857632588412,0.0001662426962099
689,0.0,5.0,1500.0,0.1,1.0,0.0001422358486909,0.0221256435243765,0.0001630267997093
690,0.0,5.0,1500.0,0.1,2.0,0.0001355001431301,0.0195096657352627,0.0001710894868282
691,0.0,5.0,1500.0,0.1,3.0,6.695174422453046e-05,0.0089525131936255,0.0001675044675646
692,0.0,5.0,1500.0,0.01,0.0,5.385911326510264e-06,0.0041344763922544,1.6846860560595722e-06
693,0.0,5.0,1500.0,0.01,1.0,5.854910749667224e-06,0.0050180659934927,1.6854946586052754e-06
694,0.0,5.0,1500.0,0.01,2.0,4.504209995978594e-06,0.0039314053605034,1.706039200262432e-06
695,0.0,5.0,1500.0,0.01,3.0,1.311998329062049e-05,0.0083171085025276,1.6588536972909033e-06
696,0.0,5.0,1500.0,0.001,0.0,1.1912085436570496e-07,0.000449789451768,1.667909612552971e-08
697,0.0,5.0,1500.0,0.001,1.0,1.5662550322538717e-07,0.0006135296178365,1.673127507603241e-08
698,0.0,5.0,1500.0,0.001,2.0,4.916560207935772e-07,0.0010513487961313,4.085272489776353e-08
699,0.0,5.0,1500.0,0.001,3.0,1.0982582684647566e-06,0.0023111290547469,2.3396602142330986e-08
700,0.0,5.0,1500.0,0.0,0.0,3.024031823767821e-08,0.0001086551186607,2.181371000727731e-11
701,0.0,5.0,1500.0,0.0,1.0,4.1483703136745843e-08,0.0001651461409381,2.985093745455884e-11
702,0.0,5.0,1500.0,0.0,2.0,1.4173757870144406e-06,0.0028896180568177,2.865314646968968e-08
703,0.0,5.0,1500.0,0.0,3.0,8.464908467433914e-07,0.0021927514730067,6.422878876163218e-09
704,1.0,5.0,50.0,0.1,0.0,0.0077089634927537,0.1026521787568135,0.000166881477602
705,1.0,5.0,50.0,0.1,1.0,0.0077089607833728,0.1026521583621583,0.0001668814785902
706,1.0,5.0,50.0,0.1,2.0,0.0076357626247333,0.1028712408013,0.0001670769150789
707,1.0,5.0,50.0,0.1,3.0,0.0076610569332574,0.1029549648139073,0.0001669990923928
708,1.0,5.0,50.0,0.01,0.0,0.0003319623644065,0.011084362891033,1.8140776921145507e-06
709,1.0,5.0,50.0,0.01,1.0,0.0003319669174211,0.0110844077777311,1.814080010545432e-06
710,1.0,5.0,50.0,0.01,2.0,0.0003284005459885,0.0116276847594146,1.8515182919602024e-06
711,1.0,5.0,50.0,0.01,3.0,0.0003215682728421,0.0118524020777551,1.8215900376467607e-06
712,1.0,5.0,50.0,0.001,0.0,1.6898897078503209e-06,0.001320620423011,1.8003500431245907e-08
713,1.0,5.0,50.0,0.001,1.0,1.6898970235433376e-06,0.0013206231189771,1.8003504575539073e-08
714,1.0,5.0,50.0,0.001,2.0,4.349122572871023e-06,0.0035315950244045,4.33096631950243e-08
715,1.0,5.0,50.0,0.001,3.0,2.8334796014422178e-06,0.0031665153896709,2.3249298104887336e-08
716,1.0,5.0,50.0,0.0,0.0,6.395704114182713e-06,0.0030785404479109,3.459565496288508e-09
717,1.0,5.0,50.0,0.0,1.0,6.39570426074464e-06,0.0030785427704858,3.4595654147711893e-09
718,1.0,5.0,50.0,0.0,2.0,7.742115444929862e-06,0.0034213210881966,3.303152059698409e-08
719,1.0,5.0,50.0,0.0,3.0,6.933627867477791e-06,0.002946466548378,9.582235412773316e-09
720,1.0,5.0,500.0,0.1,0.0,0.0006899556065271,0.0285001124394577,0.0001659097948188
721,1.0,5.0,500.0,0.1,1.0,0.0004413044447111,0.0243306457611773,0.0001611853983657
722,1.0,5.0,500.0,0.1,2.0,0.0005834841661266,0.026750348006371,0.0001689414021468
723,1.0,5.0,500.0,0.1,3.0,0.0004326124416128,0.0235146840418571,0.0001609482139956
724,1.0,5.0,500.0,0.01,0.0,8.308631167645459e-06,0.0045033307529135,1.6633518814918647e-06
725,1.0,5.0,500.0,0.01,1.0,6.726228476350904e-06,0.0043255633852666,1.7098376314621515e-06
726,1.0,5.0,500.0,0.01,2.0,7.65841856801074e-06,0.0055504165981322,1.752608958775761e-06
727,1.0,5.0,500.0,0.01,3.0,5.734935440641237e-06,0.0038141163585826,1.6684435104795094e-06
728,1.0,5.0,500.0,0.001,0.0,2.227127517318697e-07,0.0008103994779081,1.6494683733638117e-08
729,1.0,5.0,500.0,0.001,1.0,2.430789193070665e-07,0.0006440640884972,1.7452557598860048e-08
730,1.0,5.0,500.0,0.001,2.0,8.409830496818226e-07,0.0016912449391131,3.725914321519208e-08
731,1.0,5.0,500.0,0.001,3.0,1.4535138784659351e-06,0.0020894982918891,2.187346563010885e-08
732,1.0,5.0,500.0,0.0,0.0,4.795788925870695e-05,0.0036272220762335,2.0314134850064523e-08
733,1.0,5.0,500.0,0.0,1.0,5.001736462657729e-05,0.0036817532967885,2.248296448702635e-08
734,1.0,5.0,500.0,0.0,2.0,7.310814030049992e-05,0.0049190322644057,5.89532877336208e-08
735,1.0,5.0,500.0,0.0,3.0,5.400456492257662e-05,0.0043790581099331,2.5883071574802762e-08
736,1.0,5.0,1000.0,0.1,0.0,0.0004865932905077,0.0175670664316119,0.0001729029606177
737,1.0,5.0,1000.0,0.1,1.0,0.0003225653680545,0.0178365152135689,0.000168918206631
738,1.0,5.0,1000.0,0.1,2.0,0.0004399977515528,0.0171827742620829,0.0001695625910025
739,1.0,5.0,1000.0,0.1,3.0,0.0003866833722888,0.0180307166922862,0.0001656622855734
740,1.0,5.0,1000.0,0.01,0.0,6.720897932190298e-06,0.0049980677667237,1.660814442571063e-06
741,1.0,5.0,1000.0,0.01,1.0,3.389628738636997e-05,0.0135789528831088,1.6763341563111046e-06
742,1.0,5.0,1000.0,0.01,2.0,8.98439900167446e-06,0.0063431366193402,1.6664468026755325e-06
743,1.0,5.0,1000.0,0.01,3.0,7.886447645279938e-06,0.0044395415556439,1.681468181644045e-06
744,1.0,5.0,1000.0,0.001,0.0,1.1942918294612786e-07,0.0005917554262114,1.6432569594405682e-08
745,1.0,5.0,1000.0,0.001,1.0,8.02363525987917e-08,0.0004277508415979,1.7221756766124776e-08
746,1.0,5.0,1000.0,0.001,2.0,1.0659394879460488e-06,0.0023671153727434,4.7482870795008674e-08
747,1.0,5.0,1000.0,0.001,3.0,6.808149968811146e-07,0.0019767576318619,2.249491511404997e-08
748,1.0,5.0,1000.0,0.0,0.0,6.839792567149579e-08,0.0001980510096497,3.750393034458094e-11
749,1.0,5.0,1000.0,0.0,1.0,8.324220375309868e-08,0.0001981224862696,5.5858191251848745e-11
750,1.0,5.0,1000.0,0.0,2.0,1.356729350011848e-06,0.0025496419699254,2.9553888201532165e-08
751,1.0,5.0,1000.0,0.0,3.0,1.2023449642849808e-06,0.0024187703557262,6.319779998042639e-09
752,1.0,5.0,1500.0,0.1,0.0,0.0002335953874483,0.0274828987270359,0.0001717156489005
753,1.0,5.0,1500.0,0.1,1.0,0.000465105155934,0.0380863695026826,0.0001697189251114
754,1.0,5.0,1500.0,0.1,2.0,0.0002056127527827,0.0221777752940048,0.0001682140170588
755,1.0,5.0,1500.0,0.1,3.0,0.0002110996551617,0.0283310170888158,0.000166369606411
756,1.0,5.0,1500.0,0.01,0.0,7.262765281549111e-06,0.0054590693476054,1.6349787868890868e-06
757,1.0,5.0,1500.0,0.01,1.0,2.7415750418477497e-06,0.0025094627450636,1.714564375867918e-06
758,1.0,5.0,1500.0,0.01,2.0,1.250829319566812e-05,0.0079412049051606,1.7083346652449722e-06
759,1.0,5.0,1500.0,0.01,3.0,4.6127965395877786e-06,0.0039316767105994,1.6378337541009143e-06
760,1.0,5.0,1500.0,0.001,0.0,5.8248993317921127e-08,0.0004133702132769,1.6742265519621262e-08
761,1.0,5.0,1500.0,0.001,1.0,9.61415441524524e-08,0.0006029445738219,1.6441155209257797e-08
762,1.0,5.0,1500.0,0.001,2.0,1.9840938877907228e-06,0.0032769137509947,4.9294210852422914e-08
763,1.0,5.0,1500.0,0.001,3.0,8.616644459386529e-07,0.0017404501383846,2.2641419092595043e-08
764,1.0,5.0,1500.0,0.0,0.0,3.606826545577165e-08,0.0001394021288442,1.2767823665436323e-11
765,1.0,5.0,1500.0,0.0,1.0,5.5684141624232775e-08,0.0001781799910523,2.0991546944084088e-11
766,1.0,5.0,1500.0,0.0,2.0,2.298334263455676e-06,0.0034130128264343,2.9960726406019835e-08
767,1.0,5.0,1500.0,0.0,3.0,1.4069106977724908e-06,0.0025731353085428,6.102446993353441e-09
768,2.0,5.0,50.0,0.1,0.0,0.005948721932264,0.110639277873218,0.0001554844143544
769,2.0,5.0,50.0,0.1,1.0,0.0059487285424867,0.1106389648419347,0.0001554844034721
770,2.0,5.0,50.0,0.1,2.0,0.005992826794262,0.1098654789084037,0.0001554482033119
771,2.0,5.0,50.0,0.1,3.0,0.00588068616591,0.1104150592786334,0.0001555099435112
772,2.0,5.0,50.0,0.01,0.0,0.0023309807966022,0.0239798942241832,2.481411003772893e-06
773,2.0,5.0,50.0,0.01,1.0,0.0023310161667962,0.0239800627794367,2.481424039531577e-06
774,2.0,5.0,50.0,0.01,2.0,0.0023585107706117,0.0243483651253229,2.54061659983606e-06
775,2.0,5.0,50.0,0.01,3.0,0.0023039143520535,0.0240987924999999,2.4929146127393543e-06
776,2.0,5.0,50.0,0.001,0.0,4.3302450694585815e-06,0.0019758408493214,1.834280425444387e-08
777,2.0,5.0,50.0,0.001,1.0,4.330244055630616e-06,0.0019758402534676,1.8342803470619937e-08
778,2.0,5.0,50.0,0.001,2.0,8.4419192437769e-06,0.0027804400711444,3.727697637487807e-08
779,2.0,5.0,50.0,0.001,3.0,5.545229783086988e-06,0.0027658696302937,2.345727419907393e-08
780,2.0,5.0,50.0,0.0,0.0,9.479921434094722e-05,0.0054586503296517,3.5774480157406244e-08
781,2.0,5.0,50.0,0.0,1.0,9.47993179077686e-05,0.0054586524424845,3.577448267756856e-08
782,2.0,5.0,50.0,0.0,2.0,8.681881683119502e-05,0.0050431179627705,5.8324374445965024e-08
783,2.0,5.0,50.0,0.0,3.0,8.608583093464864e-05,0.0051556527356447,4.185240200048479e-08
784,2.0,5.0,500.0,0.1,0.0,0.0004380198922617,0.0251502544037547,0.0001696785379232
785,2.0,5.0,500.0,0.1,1.0,0.0003919058536287,0.0236152832186485,0.0001674832451769
786,2.0,5.0,500.0,0.1,2.0,0.000460814821315,0.0303836446209859,0.0001641345231022
787,2.0,5.0,500.0,0.1,3.0,0.0004080923098544,0.0247833275420544,0.0001653630142883
788,2.0,5.0,500.0,0.01,0.0,7.456247123914208e-06,0.0036371849544026,1.6749728123860256e-06
789,2.0,5.0,500.0,0.01,1.0,7.962494103657563e-06,0.0046926795244214,1.6946687554488969e-06
790,2.0,5.0,500.0,0.01,2.0,6.572500499441163e-06,0.0037006151548094,1.7007498957170266e-06
791,2.0,5.0,500.0,0.01,3.0,7.532939660406857e-06,0.0049225337298544,1.6102910550726417e-06
792,2.0,5.0,500.0,0.001,0.0,2.59396170638581e-07,0.000933219072249,1.6455519247842122e-08
793,2.0,5.0,500.0,0.001,1.0,1.721875769699576e-07,0.0005671262752491,1.7056177081305178e-08
794,2.0,5.0,500.0,0.001,2.0,1.206951127689614e-06,0.0024684517726477,4.49662949795882e-08
795,2.0,5.0,500.0,0.001,3.0,1.3831070634000903e-06,0.002582552073837,2.346328409145292e-08
796,2.0,5.0,500.0,0.0,0.0,1.4450285457292597e-07,0.0003376366972268,1.6421344165935578e-10
797,2.0,5.0,500.0,0.0,1.0,1.1628102518875013e-07,0.0003160291349082,9.898047163150212e-11
798,2.0,5.0,500.0,0.0,2.0,1.1929578889702165e-06,0.0021015991147494,3.125341424825095e-08
799,2.0,5.0,500.0,0.0,3.0,8.55344769171208e-07,0.0021397543401729,6.521264745686056e-09
800,2.0,5.0,1000.0,0.1,0.0,0.0005354337265284,0.0344682611598403,0.0001659440203314
801,2.0,5.0,1000.0,0.1,1.0,0.0003888047870868,0.0246843618738902,0.0001644384172113
802,2.0,5.0,1000.0,0.1,2.0,0.0004751399898074,0.0275816299172292,0.0001659466801924
803,2.0,5.0,1000.0,0.1,3.0,0.0004086366810469,0.0234390424598851,0.0001718195348309
804,2.0,5.0,1000.0,0.01,0.0,3.876446012567816e-06,0.0029587745878858,1.6967027640879295e-06
805,2.0,5.0,1000.0,0.01,1.0,2.170899317159161e-06,0.0018680837853718,1.6416070861220386e-06
806,2.0,5.0,1000.0,0.01,2.0,5.6301852135038045e-06,0.004012332811271,1.6256047593081889e-06
807,2.0,5.0,1000.0,0.01,3.0,5.496961908434646e-06,0.0039487551322285,1.7128198500167932e-06
808,2.0,5.0,1000.0,0.001,0.0,1.4104314783367469e-07,0.0005710282736859,1.6795317755554267e-08
809,2.0,5.0,1000.0,0.001,1.0,1.3641895863947764e-07,0.0004233879987952,1.68244871072847e-08
810,2.0,5.0,1000.0,0.001,2.0,3.2833108001013595e-06,0.004042610323523,4.4620638503190083e-08
811,2.0,5.0,1000.0,0.001,3.0,1.3814754192780863e-06,0.0026236955574167,2.1759905523351298e-08
812,2.0,5.0,1000.0,0.0,0.0,9.105158438562025e-08,0.0001900899467954,6.678468072104194e-11
813,2.0,5.0,1000.0,0.0,1.0,1.3417243213160017e-07,0.0002366577469975,8.468033587675164e-11
814,2.0,5.0,1000.0,0.0,2.0,1.3183995795768657e-06,0.0024548983223494,2.8918595610684738e-08
815,2.0,5.0,1000.0,0.0,3.0,8.878030211115821e-07,0.0020898708572544,6.561009960163569e-09
816,2.0,5.0,1500.0,0.1,0.0,0.0001616507593909,0.0142550540616136,0.00016610198159
817,2.0,5.0,1500.0,0.1,1.0,0.0001596150612959,0.0184154286522779,0.0001661556144532
818,2.0,5.0,1500.0,0.1,2.0,0.0001711139501721,0.0169026862058397,0.0001640717794953
819,2.0,5.0,1500.0,0.1,3.0,0.0002810432278769,0.0297343975422826,0.0001699261071082
820,2.0,5.0,1500.0,0.01,0.0,1.0642210608295532e-05,0.0071860613751557,1.7049298636424129e-06
821,2.0,5.0,1500.0,0.01,1.0,4.619371773997953e-06,0.0031029719362671,1.6446574765739152e-06
822,2.0,5.0,1500.0,0.01,2.0,1.0029249704786304e-05,0.0069439141774616,1.7280489191592406e-06
823,2.0,5.0,1500.0,0.01,3.0,4.302609728939012e-06,0.0039800264908921,1.6622483348416987e-06
824,2.0,5.0,1500.0,0.001,0.0,1.5412617034852046e-07,0.0005809859549163,1.6242344433941412e-08
825,2.0,5.0,1500.0,0.001,1.0,9.99926426112634e-08,0.0005618172713225,1.7012117053508823e-08
826,2.0,5.0,1500.0,0.001,2.0,1.416530306042379e-06,0.0027957074333742,4.342771901661542e-08
827,2.0,5.0,1500.0,0.001,3.0,1.565200612214074e-06,0.0028418944303859,2.359507778634044e-08
828,2.0,5.0,1500.0,0.0,0.0,4.035258934940551e-08,0.0001547964346696,2.8916627220096528e-11
829,2.0,5.0,1500.0,0.0,1.0,5.07245949469523e-08,0.0001574536599946,3.965794573221889e-11
830,2.0,5.0,1500.0,0.0,2.0,3.829229150603935e-07,0.0009205771037063,2.7750327712287507e-08
831,2.0,5.0,1500.0,0.0,3.0,9.628284209154614e-07,0.002160427505788,6.368131681076177e-09
832,3.0,5.0,50.0,0.1,0.0,0.2960756738552025,0.4141984918030694,0.0003296716244729
833,3.0,5.0,50.0,0.1,1.0,0.2968358469401416,0.4144646052726258,0.0003302691231996
834,3.0,5.0,50.0,0.1,2.0,0.3977007037458409,0.5223378134130292,0.0004744326600792
835,3.0,5.0,50.0,0.1,3.0,0.2789515535864557,0.4025515325868302,0.0003334806785466
836,3.0,5.0,50.0,0.01,0.0,0.0048605425694905,0.0401509971383705,3.6606902178640417e-06
837,3.0,5.0,50.0,0.01,1.0,0.0048606091293335,0.0401514405918445,3.660722139968144e-06
838,3.0,5.0,50.0,0.01,2.0,0.0050899143379906,0.0414456124136662,3.688112679142418e-06
839,3.0,5.0,50.0,0.01,3.0,0.0049518564466216,0.0409886742305914,3.6293890044173127e-06
840,3.0,5.0,50.0,0.001,0.0,0.002898170023853,0.0261133646208051,9.719013556705597e-07
841,3.0,5.0,50.0,0.001,1.0,0.0028982358770884,0.0261136371460095,9.719244856013133e-07
842,3.0,5.0,50.0,0.001,2.0,0.0030459609229517,0.0272755367362844,1.0105023088649051e-06
843,3.0,5.0,50.0,0.001,3.0,0.0029371330352608,0.0262919106287253,9.631465633248803e-07
844,3.0,5.0,50.0,0.0,0.0,1.333664989720042e-05,0.0037887475394873,6.585386450987164e-09
845,3.0,5.0,50.0,0.0,1.0,1.3336650843784746e-05,0.0037887479259298,6.585385933679402e-09
846,3.0,5.0,50.0,0.0,2.0,1.3133354851837448e-05,0.0044476229517981,2.7662920072159427e-08
847,3.0,5.0,50.0,0.0,3.0,1.2744590208206064e-05,0.0040964708174757,1.2774260504681608e-08
848,3.0,5.0,500.0,0.1,0.0,0.000520677169581,0.025667863927732,0.0001760864329614
849,3.0,5.0,500.0,0.1,1.0,0.0004918955090391,0.023532787632053,0.0001657393564366
850,3.0,5.0,500.0,0.1,2.0,0.000700126775104,0.0281904166800651,0.0001664631009292
851,3.0,5.0,500.0,0.1,3.0,0.0003686633909008,0.0204162520636237,0.0001689838321232
852,3.0,5.0,500.0,0.01,0.0,1.4404658077463351e-05,0.0071458108120101,1.7049911694295889e-06
853,3.0,5.0,500.0,0.01,1.0,4.975787203720635e-06,0.0031748923137606,1.7177173800697617e-06
854,3.0,5.0,500.0,0.01,2.0,9.465072892096423e-06,0.0056462854061899,1.6187950779241264e-06
855,3.0,5.0,500.0,0.01,3.0,6.395655185401558e-06,0.0042563219260383,1.6612894954462426e-06
856,3.0,5.0,500.0,0.001,0.0,1.645101551328256e-07,0.0004087709686943,1.7408167847289532e-08
857,3.0,5.0,500.0,0.001,1.0,1.6776676735780741e-07,0.0003471973809778,1.673867497551833e-08
858,3.0,5.0,500.0,0.001,2.0,1.2499503734341929e-06,0.0020700665098215,4.9791046840566334e-08
859,3.0,5.0,500.0,0.001,3.0,9.380136237952136e-07,0.0019317101363528,2.288625125113829e-08
860,3.0,5.0,500.0,0.0,0.0,7.4685744510838e-08,0.0002157274193723,6.826574518980019e-11
861,3.0,5.0,500.0,0.0,1.0,1.457093923531134e-07,0.0002805888055772,9.826580548827492e-11
862,3.0,5.0,500.0,0.0,2.0,1.4822600275904425e-06,0.0024545393002008,2.2486196135332065e-08
863,3.0,5.0,500.0,0.0,3.0,1.2980854095015464e-06,0.0023767683272471,5.8523926705733495e-09
864,3.0,5.0,1000.0,0.1,0.0,0.0002153441255315,0.023396916684716,0.0001677928586689
865,3.0,5.0,1000.0,0.1,1.0,0.0002256219370445,0.0215604035364981,0.0001687051139465
866,3.0,5.0,1000.0,0.1,2.0,0.0002361968824055,0.0248395459997201,0.0001632837681837
867,3.0,5.0,1000.0,0.1,3.0,0.0002043846589749,0.0224903505328038,0.0001638024561387
868,3.0,5.0,1000.0,0.01,0.0,6.943705696772668e-06,0.0035370060587575,1.662162025116674e-06
869,3.0,5.0,1000.0,0.01,1.0,3.560845858701562e-06,0.002610004872164,1.640947747209755e-06
870,3.0,5.0,1000.0,0.01,2.0,7.657403349431232e-06,0.0049103563918362,1.6868262435510836e-06
871,3.0,5.0,1000.0,0.01,3.0,1.613349064787891e-05,0.0073017590267001,1.6703274754679677e-06
872,3.0,5.0,1000.0,0.001,0.0,1.374952115447056e-07,0.0003652335555765,1.6962279614371942e-08
873,3.0,5.0,1000.0,0.001,1.0,1.620675822608477e-07,0.0006655008621192,1.6683923293874687e-08
874,3.0,5.0,1000.0,0.001,2.0,1.169586808613015e-06,0.0024370246984842,4.68523264246166e-08
875,3.0,5.0,1000.0,0.001,3.0,1.3004831377871473e-06,0.0026182619791429,2.410625130335285e-08
876,3.0,5.0,1000.0,0.0,0.0,9.424774575457313e-08,0.0001974567367554,6.709560629589525e-11
877,3.0,5.0,1000.0,0.0,1.0,1.0962494598571497e-07,0.00025183170173,8.823103729247103e-11
878,3.0,5.0,1000.0,0.0,2.0,9.12418938274113e-07,0.0018213036346529,2.1283292307651988e-08
879,3.0,5.0,1000.0,0.0,3.0,1.2426045531336032e-06,0.0024475445254085,6.310152679255012e-09
880,3.0,5.0,1500.0,0.1,0.0,0.0003470567856894,0.0325262451883915,0.0001651115565168
881,3.0,5.0,1500.0,0.1,1.0,0.0002591652621427,0.0231383609596006,0.0001687226784593
882,3.0,5.0,1500.0,0.1,2.0,0.0001722558533585,0.0169044867099815,0.0001646522954856
883,3.0,5.0,1500.0,0.1,3.0,0.0002484152592202,0.024340599145708,0.0001701663328469
884,3.0,5.0,1500.0,0.01,0.0,1.9383339501374894e-06,0.0015859173784269,1.6140057870397314e-06
885,3.0,5.0,1500.0,0.01,1.0,7.794608590091749e-06,0.0059821737807584,1.722500118298427e-06
886,3.0,5.0,1500.0,0.01,2.0,5.667218536284479e-06,0.0049665659067996,1.6552765300787877e-06
887,3.0,5.0,1500.0,0.01,3.0,3.900219160044167e-06,0.0040222257963919,1.6984326752387186e-06
888,3.0,5.0,1500.0,0.001,0.0,1.3472557876930038e-07,0.0005023032997906,1.6385500978529956e-08
889,3.0,5.0,1500.0,0.001,1.0,1.762655140957789e-07,0.0005409002598157,1.726342861140066e-08
890,3.0,5.0,1500.0,0.001,2.0,1.3736404356477787e-06,0.002039257109685,4.316538075185831e-08
891,3.0,5.0,1500.0,0.001,3.0,2.095578979523231e-06,0.0027453038733607,2.2881117437779757e-08
892,3.0,5.0,1500.0,0.0,0.0,2.126971252798949e-08,0.0001251051492286,2.0492914326582413e-11
893,3.0,5.0,1500.0,0.0,1.0,2.543976417713578e-08,0.0001499050392766,2.3559684983744088e-11
894,3.0,5.0,1500.0,0.0,2.0,2.522522017395084e-06,0.0032741389852455,2.8094738606397028e-08
895,3.0,5.0,1500.0,0.0,3.0,1.8830869663953784e-06,0.0030626159652774,6.274504072245561e-09
896,4.0,5.0,50.0,0.1,0.0,0.0089904255608834,0.1206435390604911,0.0001562680597099
897,4.0,5.0,50.0,0.1,1.0,0.0089903777891903,0.1206432888375654,0.0001562680613105
898,4.0,5.0,50.0,0.1,2.0,0.0060131700809948,0.0948617021025517,0.0001565694621693
899,4.0,5.0,50.0,0.1,3.0,0.006372216371068,0.0902676837339717,0.0001562683447807
900,4.0,5.0,50.0,0.01,0.0,0.0167763202933028,0.0668875036480477,8.197568981476954e-06
901,4.0,5.0,50.0,0.01,1.0,0.0167768313950749,0.0668886425831592,8.197792298480319e-06
902,4.0,5.0,50.0,0.01,2.0,0.0176051443626075,0.0686383030079223,8.419951579096856e-06
903,4.0,5.0,50.0,0.01,3.0,0.0170293303698276,0.0676868608715063,8.148703188864092e-06
904,4.0,5.0,50.0,0.001,0.0,0.0177036865551264,0.080403698872207,1.003805713183165e-05
905,4.0,5.0,50.0,0.001,1.0,0.0177048402141399,0.0804065107582521,1.0038794546145938e-05
906,4.0,5.0,50.0,0.001,2.0,0.0188946198123434,0.0823163069290643,1.0619605238393445e-05
907,4.0,5.0,50.0,0.001,3.0,0.0178531293768096,0.0804607223432416,1.0001120679403627e-05
908,4.0,5.0,50.0,0.0,0.0,9.1989852927282e-06,0.0029493699737814,3.427821132403069e-09
909,4.0,5.0,50.0,0.0,1.0,9.198984608124004e-06,0.0029493721766544,3.427819447845508e-09
910,4.0,5.0,50.0,0.0,2.0,1.4733908068394558e-05,0.0050499481353969,2.7414864520529603e-08
911,4.0,5.0,50.0,0.0,3.0,1.084007156930112e-05,0.0035861132044601,9.260194886173071e-09
912,4.0,5.0,500.0,0.1,0.0,0.0021671939488887,0.0359054675898836,0.0001679050488785
913,4.0,5.0,500.0,0.1,1.0,0.0021193405127044,0.0360398131101199,0.0001655838187147
914,4.0,5.0,500.0,0.1,2.0,0.0036025080790062,0.0416003600482961,0.0001693971233341
915,4.0,5.0,500.0,0.1,3.0,0.0024294803049361,0.0443208503366242,0.0001699879391245
916,4.0,5.0,500.0,0.01,0.0,5.763704427324732e-06,0.0049386502741868,1.6281129794605497e-06
917,4.0,5.0,500.0,0.01,1.0,7.304509531454235e-06,0.0058662953231506,1.5717912217817722e-06
918,4.0,5.0,500.0,0.01,2.0,4.573237455088797e-06,0.0030346210103044,1.6765094320771326e-06
919,4.0,5.0,500.0,0.01,3.0,8.275623090805271e-06,0.0053531510106906,1.674639493726648e-06
920,4.0,5.0,500.0,0.001,0.0,4.05415673447219e-07,0.000555102941874,1.7133446694065664e-08
921,4.0,5.0,500.0,0.001,1.0,4.388459487310603e-07,0.0005056621575124,1.7079194684072582e-08
922,4.0,5.0,500.0,0.001,2.0,2.251641716053824e-06,0.00268723974804,4.0553304230051273e-08
923,4.0,5.0,500.0,0.001,3.0,1.464792536801127e-06,0.0023767416556325,2.3038083568578043e-08
924,4.0,5.0,500.0,0.0,0.0,1.563462523524408e-07,0.0003151842035691,1.3010976309903195e-10
925,4.0,5.0,500.0,0.0,1.0,1.738139098816143e-07,0.000339593012085,1.3929717846719783e-10
926,4.0,5.0,500.0,0.0,2.0,1.203343177783314e-06,0.0024730776278914,2.8197632538881045e-08
927,4.0,5.0,500.0,0.0,3.0,1.365067484850972e-06,0.0024953562573526,6.392070111902191e-09
928,4.0,5.0,1000.0,0.1,0.0,0.0002347406067046,0.0221152058422227,0.000167430155758
929,4.0,5.0,1000.0,0.1,1.0,0.0004354884006037,0.0302998393709767,0.0001750635432249
930,4.0,5.0,1000.0,0.1,2.0,0.0002807569901411,0.0240349235254463,0.0001654084292971
931,4.0,5.0,1000.0,0.1,3.0,0.0002118369902662,0.0220278316262828,0.0001700732427786
932,4.0,5.0,1000.0,0.01,0.0,8.774151992230358e-06,0.0050832888811581,1.6419867158724197e-06
933,4.0,5.0,1000.0,0.01,1.0,1.1752285989889848e-05,0.0063022384911708,1.6772035184749704e-06
934,4.0,5.0,1000.0,0.01,2.0,9.747534218585394e-06,0.0057686986959857,1.7091413245673578e-06
935,4.0,5.0,1000.0,0.01,3.0,1.3272044481741908e-05,0.0074550152306595,1.7119741244086722e-06
936,4.0,5.0,1000.0,0.001,0.0,1.783705262167613e-07,0.0007395288216914,1.6707162452335894e-08
937,4.0,5.0,1000.0,0.001,1.0,8.66164066180431e-08,0.0003942837260018,1.6779644416596553e-08
938,4.0,5.0,1000.0,0.001,2.0,1.166199172352761e-06,0.002317227277866,4.6739564095452434e-08
939,4.0,5.0,1000.0,0.001,3.0,1.249197339137632e-06,0.0021489992752051,2.3419645930112605e-08
940,4.0,5.0,1000.0,0.0,0.0,9.11227411957348e-08,0.0002754802876972,7.561672929542891e-11
941,4.0,5.0,1000.0,0.0,1.0,1.1617522487316621e-07,0.0002876935386639,9.228075515112092e-11
942,4.0,5.0,1000.0,0.0,2.0,1.1048990463667023e-06,0.0022769650177146,2.1425961396272483e-08
943,4.0,5.0,1000.0,0.0,3.0,1.321727958597878e-06,0.0022529604581641,6.098595205117856e-09
944,4.0,5.0,1500.0,0.1,0.0,0.0001249475009007,0.0146702795113126,0.0001703563175083
945,4.0,5.0,1500.0,0.1,1.0,0.0001962434272279,0.0223219946141577,0.0001695729756722
946,4.0,5.0,1500.0,0.1,2.0,0.0001056892438889,0.0127162047321114,0.0001677200644642
947,4.0,5.0,1500.0,0.1,3.0,0.0003249795166291,0.0378541969862013,0.000170872294344
948,4.0,5.0,1500.0,0.01,0.0,5.32467393353895e-06,0.0032255738684913,1.6846098467492977e-06
949,4.0,5.0,1500.0,0.01,1.0,1.1096273239733487e-05,0.0072687200777434,1.6467078298687735e-06
950,4.0,5.0,1500.0,0.01,2.0,2.15312994287237e-05,0.0118500729901973,1.6907167000836373e-06
951,4.0,5.0,1500.0,0.01,3.0,1.0528895597578236e-05,0.0068751015071408,1.6779269890479817e-06
952,4.0,5.0,1500.0,0.001,0.0,1.241183602770723e-07,0.0006170021655438,1.650897710936376e-08
953,4.0,5.0,1500.0,0.001,1.0,2.837623062565863e-07,0.0011159313851698,1.6726084315528065e-08
954,4.0,5.0,1500.0,0.001,2.0,2.2230583258803026e-06,0.0026441865057785,4.588419597735989e-08
955,4.0,5.0,1500.0,0.001,3.0,1.7358865362829315e-06,0.0025424746073779,2.3421195526334042e-08
956,4.0,5.0,1500.0,0.0,0.0,3.91803196633201e-08,0.0001829119262794,2.121611080927017e-11
957,4.0,5.0,1500.0,0.0,1.0,2.874722140700671e-08,0.0001108497405481,1.4425807713418306e-11
958,4.0,5.0,1500.0,0.0,2.0,2.339868399942545e-06,0.0034256756529146,3.088234290186818e-08
959,4.0,5.0,1500.0,0.0,3.0,8.433840001901888e-07,0.002068351725857,5.968812949876049e-09
